employee_id,department,age,tenure_years,monthly_salary,commute_km,overtime,job_satisfaction,work_life_balance,last_promotion_years,performance_rating,training_hours_last_year,attrition
E1000,Engineering,32,5.6,53500.0,4.0,No,2,5,0.1,5,16,No
E1001,HR,27,0.9,60700.0,1.0,No,1,5,1.0,4,25,No
E1002,Marketing,49,0.1,70800.0,25.1,Yes,3,3,1.9,4,19,No
E1003,Customer Support,31,4.0,48200.0,15.7,Yes,4,3,6.0,2,10,No
E1004,Sales,53,0.3,29900.0,4.3,No,5,4,4.7,3,12,No
E1005,Sales,26,1.1,53100.0,11.0,No,2,4,0.3,4,21,No
E1006,Sales,35,0.1,74100.0,2.7,No,1,4,0.2,3,16,No
E1007,Operations,52,3.4,56200.0,26.5,Yes,1,4,2.2,3,16,No
E1008,Customer Support,31,0.5,44800.0,1.5,No,4,2,1.9,4,19,No
E1009,Marketing,43,3.2,70900.0,1.0,No,1,2,0.8,3,18,Yes
E1010,Sales,46,14.4,69400.0,8.4,Yes,1,4,5.7,4,17,No
E1011,HR,54,0.2,61800.0,10.5,Yes,4,4,6.6,4,15,No
E1012,Operations,54,0.2,43900.0,10.4,No,5,1,1.3,3,16,No
E1013,Sales,49,1.2,49800.0,1.0,No,3,2,5.5,4,16,No
E1014,Sales,24,6.0,31000.0,4.5,No,3,1,1.2,2,10,No
E1015,Sales,37,0.7,53700.0,8.3,No,2,1,3.3,4,24,Yes
E1016,Engineering,55,1.3,86200.0,2.9,No,5,5,1.6,3,16,No
E1017,Customer Support,33,0.2,44100.0,24.7,Yes,2,3,0.3,2,20,No
E1018,Engineering,59,4.3,77100.0,1.1,No,3,2,6.6,4,22,No
E1019,Engineering,35,1.6,89600.0,8.0,No,4,4,1.5,3,19,No
E1020,Customer Support,49,4.3,51500.0,14.1,Yes,1,4,3.3,5,20,Yes
E1021,Sales,49,7.0,65200.0,3.6,No,3,3,1.1,3,16,No
E1022,Engineering,31,0.8,43200.0,11.7,Yes,5,2,0.0,3,7,No
E1023,Engineering,52,4.9,62800.0,21.2,Yes,3,4,0.3,3,15,No
E1024,Engineering,22,0.2,101100.0,2.5,No,5,4,1.7,3,18,No
E1025,Operations,34,6.9,50900.0,29.9,No,5,5,2.9,3,13,No
E1026,Sales,40,3.2,87700.0,9.7,No,5,1,1.0,4,18,No
E1027,Customer Support,42,6.2,37600.0,4.3,Yes,2,4,3.0,4,27,No
E1028,Customer Support,31,0.1,49700.0,6.8,No,4,2,3.0,4,16,Yes
E1029,Sales,47,0.6,51800.0,4.5,No,3,3,3.0,5,15,No
E1030,Customer Support,23,1.5,54300.0,15.5,No,4,5,1.7,3,15,No
E1031,Sales,37,1.4,71800.0,19.1,No,1,2,6.2,4,17,No
E1032,Sales,48,0.8,67200.0,21.5,No,3,5,1.7,3,24,No
E1033,HR,49,1.4,65000.0,51.0,Yes,4,1,1.5,4,12,No
E1034,HR,41,0.4,50400.0,18.8,No,4,4,0.6,3,12,No
E1035,Operations,36,1.6,46900.0,11.0,Yes,1,2,0.9,5,13,Yes
E1036,Engineering,57,4.9,35800.0,5.0,Yes,5,3,0.1,4,16,No
E1037,Sales,40,2.0,67800.0,9.4,No,3,1,2.5,5,23,No
E1038,Marketing,26,0.1,54700.0,1.0,No,3,1,0.7,4,20,No
E1039,Engineering,39,1.6,67500.0,16.4,Yes,1,5,0.9,5,14,No
E1040,Sales,25,0.1,54700.0,7.1,No,5,1,3.7,4,15,No
E1041,Customer Support,23,10.2,46200.0,1.0,Yes,3,2,1.0,3,18,No
E1042,Sales,21,0.4,54100.0,1.0,No,3,5,0.7,3,19,No
E1043,Operations,58,3.7,42400.0,5.9,No,3,1,0.5,3,14,No
E1044,Engineering,35,10.8,73200.0,10.5,No,5,3,3.7,1,12,No
E1045,Marketing,54,5.2,59200.0,7.5,Yes,1,2,0.3,3,21,No
E1046,Engineering,55,3.6,54200.0,11.6,No,3,3,1.5,3,15,No
E1047,Customer Support,45,5.5,41600.0,7.9,No,4,3,1.8,3,17,No
E1048,Customer Support,44,12.0,44100.0,13.0,No,5,5,2.9,5,20,No
E1049,Sales,32,2.9,57900.0,3.0,No,2,4,2.5,5,21,No
E1050,HR,38,2.5,48900.0,1.4,No,1,5,4.2,3,16,No
E1051,Operations,35,3.0,58400.0,10.9,Yes,4,2,0.1,3,22,No
E1052,HR,36,2.3,27800.0,8.0,No,3,2,0.9,3,14,No
E1053,Operations,47,3.0,29600.0,1.0,No,2,5,0.8,3,18,Yes
E1054,Customer Support,28,1.8,49200.0,5.7,Yes,1,4,0.4,4,21,No
E1055,HR,45,0.7,42300.0,1.3,No,5,5,0.9,3,17,No
E1056,Sales,37,0.4,71700.0,9.1,Yes,2,2,0.9,4,25,Yes
E1057,Sales,49,0.2,76100.0,6.0,No,2,4,1.8,4,20,No
E1058,Sales,28,0.9,61400.0,11.4,No,4,2,2.7,4,19,Yes
E1059,Engineering,35,0.1,48600.0,19.7,Yes,1,4,1.2,3,17,No
E1060,Engineering,47,2.5,88500.0,4.3,No,4,4,3.2,4,15,No
E1061,Engineering,27,1.0,72500.0,39.3,Yes,4,5,1.0,3,14,Yes
E1062,Operations,23,5.2,29400.0,9.2,No,3,5,0.9,3,12,Yes
E1063,Engineering,49,0.2,42500.0,11.6,Yes,5,5,1.9,2,23,No
E1064,Engineering,44,0.8,97200.0,13.7,No,2,4,0.1,3,15,No
E1065,Customer Support,23,3.9,64000.0,13.2,Yes,1,4,0.2,3,21,No
E1066,Sales,40,2.7,18900.0,8.6,No,5,2,1.4,3,24,No
E1067,Operations,35,0.2,31100.0,6.7,No,5,3,7.2,4,17,No
E1068,Sales,45,6.3,75700.0,1.0,No,1,5,3.2,4,22,No
E1069,HR,50,6.3,50300.0,1.0,No,5,2,0.2,3,18,No
E1070,Operations,34,1.2,59000.0,5.3,No,3,2,4.7,2,14,No
E1071,Sales,27,1.2,56800.0,4.9,No,5,1,3.3,4,12,No
E1072,Sales,37,13.5,68000.0,5.9,Yes,3,5,2.4,1,13,No
E1073,Operations,40,3.0,49600.0,1.8,No,2,2,4.3,5,21,No
E1074,Marketing,56,2.3,46000.0,16.1,Yes,2,1,1.3,4,14,Yes
E1075,Marketing,29,5.5,67400.0,23.3,Yes,4,5,0.6,3,14,No
E1076,Operations,58,1.0,52200.0,33.5,No,3,4,1.8,3,19,No
E1077,Sales,42,1.7,68000.0,8.1,Yes,2,1,2.0,1,21,No
E1078,Engineering,22,0.9,71800.0,14.5,Yes,5,4,1.9,3,25,No
E1079,Sales,44,4.7,50100.0,23.2,Yes,1,3,2.1,3,17,Yes
E1080,Operations,28,2.6,71200.0,6.5,Yes,1,3,7.4,4,22,Yes
E1081,Customer Support,31,3.2,51300.0,4.4,Yes,3,3,5.8,3,16,No
E1082,Engineering,33,0.9,62100.0,33.1,No,4,3,5.2,3,13,Yes
E1083,Sales,37,0.7,77900.0,8.7,Yes,5,2,4.0,4,17,No
E1084,Engineering,28,2.0,44000.0,8.3,No,3,3,7.2,3,18,No
E1085,Engineering,41,4.0,110600.0,2.4,Yes,1,2,0.3,2,19,No
E1086,Marketing,38,2.2,49700.0,1.4,No,3,2,0.8,2,11,No
E1087,Customer Support,50,0.1,30600.0,22.2,Yes,5,5,1.7,1,24,No
E1088,Operations,38,6.1,75200.0,11.4,No,2,2,4.7,4,15,Yes
E1089,Customer Support,51,0.2,40900.0,4.7,No,5,2,1.8,3,19,No
E1090,Sales,58,9.4,61500.0,2.6,Yes,2,3,3.4,4,18,No
E1091,Marketing,52,0.1,62500.0,9.7,No,2,2,0.4,3,25,No
E1092,Marketing,31,3.6,69200.0,10.5,No,2,4,0.7,3,22,Yes
E1093,Customer Support,45,0.3,50600.0,2.8,Yes,3,3,3.3,3,11,Yes
E1094,Operations,53,7.2,40800.0,22.9,No,1,1,0.5,4,20,No
E1095,Customer Support,58,1.9,49600.0,1.1,No,3,3,1.1,3,16,No
E1096,Customer Support,28,0.4,41400.0,5.3,No,1,2,0.8,2,22,No
E1097,Engineering,31,1.3,73400.0,13.7,Yes,5,4,1.1,4,18,No
E1098,Sales,42,0.5,83400.0,3.8,No,4,3,3.1,3,13,No
E1099,Sales,44,0.6,69600.0,21.1,No,5,4,1.1,3,21,No
E1100,Sales,37,8.9,61000.0,16.2,No,3,1,2.0,4,14,No
E1101,Customer Support,32,1.8,56200.0,18.7,No,3,1,0.3,3,19,No
E1102,Engineering,52,4.7,84000.0,1.5,Yes,1,5,4.1,4,20,No
E1103,Customer Support,35,3.1,33000.0,1.8,No,3,5,1.2,3,12,No
E1104,Operations,36,3.4,50000.0,4.1,Yes,2,3,2.6,4,16,No
E1105,Engineering,42,0.4,116800.0,8.8,Yes,3,5,3.2,4,20,No
E1106,Engineering,48,0.8,91500.0,16.5,No,1,4,0.6,3,20,No
E1107,Marketing,40,4.6,45000.0,21.7,No,1,5,5.4,4,21,No
E1108,Engineering,53,10.6,57500.0,14.6,Yes,2,4,2.4,4,22,No
E1109,Sales,30,0.9,47800.0,31.7,No,1,5,1.4,3,17,No
E1110,Engineering,52,1.0,85000.0,16.1,No,4,5,0.5,3,26,No
E1111,Sales,53,1.9,83100.0,4.4,No,5,5,7.1,4,23,No
E1112,HR,22,12.4,58600.0,3.7,No,3,2,3.5,4,15,No
E1113,Operations,53,0.9,51700.0,14.3,No,4,2,0.6,2,17,No
E1114,Customer Support,53,1.6,41100.0,2.6,Yes,3,5,1.0,4,20,No
E1115,Operations,33,6.7,53900.0,1.2,Yes,4,4,4.1,2,10,No
E1116,Operations,50,0.1,38400.0,9.1,No,3,3,3.0,4,16,Yes
E1117,Sales,53,0.1,27300.0,20.7,Yes,2,1,3.6,4,22,Yes
E1118,Operations,33,2.8,71600.0,1.3,No,1,2,1.5,5,11,Yes
E1119,Customer Support,46,7.1,33900.0,18.8,No,1,5,3.2,2,11,No
E1120,Operations,42,0.8,45100.0,20.0,No,2,1,1.2,4,25,No
E1121,Operations,59,1.9,58300.0,7.9,Yes,4,2,0.6,3,16,No
E1122,Engineering,22,1.8,95600.0,1.0,No,5,3,2.5,3,19,No
E1123,Sales,58,1.9,61800.0,2.3,No,4,4,9.3,2,18,No
E1124,Engineering,59,2.9,46400.0,14.7,No,1,5,0.9,4,15,No
E1125,Engineering,46,1.9,63100.0,14.9,Yes,5,3,1.5,3,19,No
E1126,Operations,35,1.8,40300.0,27.4,No,3,2,2.8,2,24,No
E1127,Operations,54,1.9,49000.0,10.5,No,5,5,1.9,4,15,No
E1128,Sales,31,2.7,77200.0,1.6,No,4,1,4.6,4,11,No
E1129,Customer Support,23,2.3,15300.0,1.6,No,2,4,3.6,4,16,No
E1130,Engineering,26,5.8,61000.0,15.3,Yes,3,2,0.2,5,17,No
E1131,Engineering,29,0.2,59600.0,2.4,Yes,4,4,15.0,3,18,Yes
E1132,Sales,26,5.4,37900.0,4.8,No,3,5,3.5,5,13,No
E1133,Engineering,29,5.6,79800.0,8.0,No,5,3,5.0,4,18,No
E1134,HR,59,1.0,31100.0,1.0,No,1,4,2.6,3,17,No
E1135,Engineering,51,1.9,44400.0,3.4,Yes,4,1,4.8,3,15,No
E1136,Customer Support,52,1.7,57600.0,6.3,Yes,2,2,0.3,3,11,No
E1137,Marketing,32,0.7,73600.0,3.9,Yes,5,1,1.1,3,29,No
E1138,Engineering,28,1.5,67400.0,1.8,Yes,4,4,5.2,4,33,No
E1139,HR,28,0.1,33800.0,15.6,No,2,3,0.6,4,24,No
E1140,HR,48,1.0,40800.0,20.1,No,4,3,0.2,4,26,No
E1141,Engineering,40,5.1,87600.0,3.6,Yes,5,1,3.9,3,20,No
E1142,Customer Support,27,1.0,48200.0,17.9,No,4,5,4.5,2,14,No
E1143,Engineering,31,5.1,66900.0,5.8,Yes,3,5,0.4,4,18,No
E1144,Engineering,40,2.3,74600.0,8.5,No,5,3,4.8,3,17,Yes
E1145,Sales,36,6.4,57100.0,23.3,Yes,4,1,2.9,5,29,No
E1146,Customer Support,24,2.6,66500.0,16.6,No,1,1,1.8,2,14,No
E1147,Customer Support,26,0.1,37200.0,19.6,No,4,1,4.4,5,13,No
E1148,Sales,42,3.4,44100.0,1.8,No,3,4,1.4,2,17,No
E1149,Engineering,46,0.1,42800.0,1.0,No,2,5,0.5,3,17,No
E1150,Operations,23,1.8,42200.0,26.9,No,2,5,0.8,2,21,No
E1151,Engineering,34,8.0,48200.0,5.9,No,2,4,1.8,4,17,Yes
E1152,Sales,31,0.5,61200.0,4.1,Yes,1,2,1.9,4,18,No
E1153,Customer Support,38,1.5,47000.0,15.5,No,3,4,4.1,3,21,No
E1154,HR,32,3.9,35700.0,21.7,No,5,1,3.9,5,24,No
E1155,Engineering,43,6.4,79800.0,23.8,Yes,2,4,2.2,4,19,No
E1156,Marketing,32,3.3,73900.0,4.6,No,3,1,3.8,4,20,Yes
E1157,Marketing,33,0.9,57400.0,22.9,No,4,3,0.5,4,23,No
E1158,Engineering,45,3.4,22500.0,1.0,No,1,1,0.1,3,21,No
E1159,Marketing,39,1.1,80600.0,1.0,No,3,5,5.2,3,22,No
E1160,Engineering,56,3.8,82800.0,11.7,No,3,4,0.2,5,15,No
E1161,Customer Support,28,9.2,71700.0,1.0,No,5,1,0.7,5,20,No
E1162,Customer Support,49,3.8,60700.0,4.7,No,3,2,3.0,5,21,No
E1163,Customer Support,52,6.0,63200.0,13.4,No,5,3,1.3,5,22,No
E1164,Sales,38,0.1,61000.0,4.9,No,1,2,5.2,2,12,No
E1165,Operations,26,3.8,46000.0,2.4,No,1,2,0.9,4,19,No
E1166,Engineering,38,5.3,75800.0,4.0,No,4,2,0.0,3,26,No
E1167,Sales,39,0.1,46600.0,7.3,No,5,3,0.9,5,23,No
E1168,Sales,42,6.2,64600.0,7.7,No,5,3,2.2,3,17,Yes
E1169,Customer Support,57,0.9,15300.0,18.3,No,2,3,1.2,4,17,No
E1170,Marketing,52,3.3,52800.0,16.6,No,2,3,1.9,3,14,No
E1171,Sales,23,4.8,79000.0,7.3,No,4,2,5.2,3,19,No
E1172,Customer Support,48,3.3,47900.0,22.4,Yes,1,5,6.1,2,9,No
E1173,Engineering,30,0.3,101100.0,1.5,No,2,5,0.8,4,10,Yes
E1174,Customer Support,55,2.7,43400.0,3.5,No,3,3,1.6,4,20,No
E1175,Sales,49,2.4,73500.0,21.1,Yes,1,4,2.0,3,19,No
E1176,Marketing,35,6.9,39700.0,5.7,Yes,3,1,7.4,4,15,No
E1177,Engineering,53,1.6,86800.0,47.7,No,5,4,15.0,4,19,No
E1178,HR,27,1.2,53800.0,7.5,Yes,1,4,0.7,3,21,Yes
E1179,Sales,32,4.2,54300.0,18.8,Yes,4,4,3.2,3,17,No
E1180,Engineering,50,1.6,22500.0,6.2,No,5,5,1.2,4,15,No
E1181,Sales,41,3.1,53800.0,6.6,No,5,1,0.0,4,21,No
E1182,HR,51,3.1,53500.0,5.8,No,3,4,0.0,3,17,No
E1183,Operations,44,6.6,60700.0,15.2,No,5,3,1.5,4,12,No
E1184,Engineering,40,2.7,98000.0,9.5,No,2,5,1.7,2,15,No
E1185,Marketing,57,2.1,81200.0,34.5,Yes,1,3,0.1,3,18,No
E1186,Operations,24,0.4,66300.0,3.5,No,2,3,2.9,3,16,No
E1187,Customer Support,48,0.4,39600.0,1.3,No,3,4,0.9,3,16,No
E1188,Customer Support,40,0.5,42800.0,6.0,No,3,3,2.1,4,20,No
E1189,Engineering,44,0.6,82600.0,11.5,Yes,1,1,0.9,5,19,Yes
E1190,Sales,52,3.0,65900.0,23.7,No,5,3,0.5,3,15,Yes
E1191,Operations,56,4.1,71500.0,5.1,Yes,4,4,1.3,3,12,No
E1192,Operations,54,2.3,83000.0,12.7,No,3,3,0.7,4,22,No
E1193,Customer Support,56,5.3,75600.0,5.2,Yes,1,5,1.9,4,12,Yes
E1194,Engineering,22,14.2,96800.0,11.5,No,4,5,0.6,4,20,No
E1195,Engineering,35,5.1,78600.0,25.9,No,5,5,1.8,4,18,No
E1196,Marketing,54,3.6,71400.0,3.2,Yes,3,2,0.4,3,5,No
E1197,Operations,56,2.3,71900.0,6.2,No,1,5,2.8,4,12,No
E1198,Operations,26,1.8,47500.0,60.0,No,1,5,3.5,3,17,No
E1199,Operations,59,0.3,42300.0,24.4,No,1,2,0.3,3,12,No
E1200,Customer Support,32,1.5,37000.0,10.0,No,3,5,1.6,3,19,No
E1201,Sales,23,7.2,44000.0,8.7,No,4,4,0.2,3,17,No
E1202,Sales,38,5.0,36000.0,4.0,No,1,5,2.3,5,16,Yes
E1203,Operations,41,0.7,52800.0,8.7,Yes,5,5,0.8,4,19,No
E1204,Customer Support,35,1.9,34000.0,22.6,No,1,2,1.9,3,16,No
E1205,Sales,53,5.1,45400.0,13.9,Yes,4,4,1.8,3,23,No
E1206,Sales,55,0.2,68800.0,4.1,No,3,3,6.5,3,19,No
E1207,Marketing,46,1.5,54800.0,2.7,Yes,1,1,2.0,3,16,No
E1208,Sales,28,5.7,64500.0,3.7,Yes,1,4,2.2,4,20,No
E1209,Sales,56,1.6,79300.0,2.2,No,5,3,1.3,5,18,No
E1210,Customer Support,50,0.2,57800.0,1.2,No,5,4,7.4,5,15,No
E1211,Marketing,43,2.3,73900.0,6.5,No,1,3,3.8,4,19,No
E1212,Marketing,34,5.9,53400.0,1.4,Yes,1,3,0.8,4,21,No
E1213,Engineering,34,2.7,99000.0,2.3,No,5,4,4.6,3,18,No
E1214,Marketing,22,0.8,57400.0,9.5,No,4,2,1.4,3,19,No
E1215,Engineering,57,1.5,71900.0,2.2,No,2,4,4.4,3,27,No
E1216,Engineering,25,1.8,96100.0,1.0,Yes,2,4,4.3,4,15,No
E1217,Marketing,58,2.6,39800.0,4.6,No,1,3,0.5,4,22,No
E1218,Customer Support,34,4.3,72600.0,3.0,No,5,1,3.0,3,15,No
E1219,Operations,59,0.3,45700.0,8.7,Yes,3,3,0.9,3,16,No
E1220,Marketing,45,6.6,34900.0,1.3,No,3,5,0.9,3,10,No
E1221,Customer Support,40,0.1,55100.0,16.7,No,2,4,0.9,5,24,No
E1222,Sales,22,1.4,51800.0,28.4,Yes,4,4,3.2,3,16,No
E1223,Engineering,59,0.1,106800.0,16.3,No,2,2,0.7,4,19,No
E1224,Engineering,26,1.5,60600.0,9.1,Yes,1,3,0.0,4,20,No
E1225,Engineering,37,2.2,74600.0,23.7,Yes,4,2,3.1,3,18,No
E1226,HR,45,2.2,30900.0,14.2,No,3,4,0.5,4,11,No
E1227,Engineering,48,0.5,84000.0,1.0,No,5,3,0.3,4,10,No
E1228,Operations,22,3.1,39000.0,6.0,No,5,3,0.7,3,14,No
E1229,Customer Support,55,0.1,55600.0,22.8,No,1,5,1.2,5,22,No
E1230,Operations,57,4.3,43700.0,5.1,Yes,2,5,1.6,3,16,Yes
E1231,Customer Support,25,8.8,20700.0,1.0,No,1,1,0.1,2,19,No
E1232,Customer Support,21,1.2,48400.0,16.5,No,5,5,8.8,4,12,No
E1233,Customer Support,32,2.2,47900.0,19.4,No,3,3,3.1,4,12,No
E1234,Sales,56,1.4,71600.0,2.1,No,5,5,1.0,5,11,No
E1235,Marketing,43,0.1,74400.0,9.2,No,4,1,1.0,4,6,No
E1236,Engineering,51,1.5,104600.0,2.6,No,5,4,1.5,5,20,No
E1237,Sales,31,4.7,71400.0,15.2,No,5,5,2.5,4,22,No
E1238,Customer Support,30,2.7,50300.0,3.8,Yes,4,3,0.4,4,22,No
E1239,Sales,23,0.3,35300.0,4.6,No,2,4,0.5,4,15,No
E1240,HR,34,5.6,53400.0,22.4,Yes,5,3,4.9,3,18,No
E1241,HR,36,2.3,53500.0,7.8,Yes,1,4,0.7,5,22,No
E1242,Operations,30,5.5,46800.0,13.3,Yes,5,3,1.2,3,22,No
E1243,Engineering,49,2.6,80600.0,6.2,No,1,5,5.1,3,19,No
E1244,Sales,30,2.5,75400.0,4.2,No,4,5,2.7,3,25,No
E1245,HR,32,0.3,39300.0,11.8,No,5,1,1.0,4,26,No
E1246,Engineering,50,0.5,53100.0,2.0,No,4,4,2.9,3,16,No
E1247,HR,21,10.7,48700.0,5.6,No,4,1,0.0,2,21,No
E1248,HR,25,0.8,42100.0,2.8,Yes,2,2,3.3,4,20,Yes
E1249,Operations,40,11.4,27400.0,14.3,Yes,5,5,1.7,3,14,No
E1250,Engineering,28,2.3,50100.0,34.6,No,1,4,4.2,4,15,No
E1251,Engineering,32,0.4,45600.0,60.0,No,1,1,7.7,3,22,No
E1252,Operations,21,0.3,65800.0,7.2,No,5,1,6.5,1,11,No
E1253,Engineering,40,0.7,100600.0,3.5,No,2,2,6.0,3,17,No
E1254,Sales,48,7.8,40500.0,7.0,Yes,2,1,1.8,4,15,No
E1255,Customer Support,57,1.6,53700.0,22.5,No,2,3,1.1,2,18,Yes
E1256,HR,57,1.5,62700.0,2.8,No,1,5,1.6,5,11,Yes
E1257,Marketing,32,1.1,31000.0,36.5,No,4,1,2.9,3,27,No
E1258,Customer Support,57,0.5,48800.0,5.0,Yes,2,1,5.4,3,16,Yes
E1259,Sales,48,2.0,97600.0,51.1,No,1,2,0.6,3,25,No
E1260,Customer Support,35,0.4,55400.0,21.9,No,1,3,6.3,1,13,No
E1261,HR,26,5.4,47200.0,19.8,Yes,4,1,4.2,4,19,No
E1262,Sales,40,1.4,48900.0,4.6,No,5,5,9.6,4,16,No
E1263,Customer Support,34,1.4,21000.0,1.0,No,5,5,5.3,4,20,No
E1264,Operations,22,1.9,55900.0,5.8,No,2,1,0.8,3,17,Yes
E1265,Marketing,29,1.8,80000.0,4.3,No,2,3,0.3,3,13,No
E1266,Marketing,57,15.8,40700.0,1.0,No,4,5,0.3,3,14,No
E1267,Marketing,40,2.4,24700.0,8.4,No,2,5,0.9,5,22,No
E1268,Engineering,46,0.3,56200.0,6.2,Yes,4,3,2.4,3,25,No
E1269,Engineering,49,2.8,85200.0,12.1,Yes,1,3,4.1,4,16,Yes
E1270,Operations,21,0.5,43700.0,11.6,Yes,2,1,5.7,3,14,Yes
E1271,Operations,55,0.1,38400.0,1.5,No,1,4,2.4,3,22,No
E1272,Operations,26,10.6,49800.0,45.2,No,3,2,0.0,3,20,No
E1273,Operations,57,4.5,52600.0,2.5,No,4,4,0.5,2,16,No
E1274,Customer Support,25,11.8,29100.0,7.1,No,3,4,0.3,4,18,No
E1275,Customer Support,53,1.9,43900.0,8.0,No,2,5,1.1,3,13,No
E1276,Operations,34,2.3,42800.0,20.1,No,1,3,1.7,4,10,No
E1277,Customer Support,32,0.6,38600.0,1.3,Yes,2,5,0.1,2,20,No
E1278,Marketing,40,0.9,37700.0,6.7,No,3,2,1.1,5,15,No
E1279,Operations,44,5.5,62200.0,11.9,No,2,1,0.5,3,18,No
E1280,Operations,54,1.3,40800.0,2.9,No,5,2,2.6,4,22,No
E1281,Engineering,45,5.3,31400.0,11.8,No,3,5,1.6,4,13,No
E1282,Engineering,49,3.7,73800.0,30.9,No,2,5,1.7,5,22,No
E1283,Sales,59,0.6,69200.0,60.0,Yes,1,5,1.4,3,20,No
E1284,Customer Support,51,2.1,36600.0,1.0,No,2,5,7.8,4,19,No
E1285,Sales,43,3.4,48900.0,3.2,No,1,4,0.6,3,23,No
E1286,Engineering,58,0.8,56600.0,4.5,No,5,1,1.8,3,15,Yes
E1287,Customer Support,40,5.3,42300.0,6.1,No,2,4,3.3,3,9,No
E1288,Engineering,43,2.4,89500.0,3.3,No,5,5,2.0,3,16,No
E1289,Customer Support,36,0.5,45300.0,2.7,No,3,3,6.6,5,25,No
E1290,Sales,28,2.6,71000.0,37.1,No,1,4,1.2,2,10,No
E1291,Sales,41,20.0,42500.0,30.1,No,3,5,1.6,4,18,No
E1292,Operations,21,0.5,44300.0,1.0,No,1,5,0.2,4,15,No
E1293,Engineering,28,5.1,86600.0,5.0,No,5,1,2.3,3,18,No
E1294,Sales,49,0.7,45000.0,6.2,No,4,2,0.8,4,17,Yes
E1295,Customer Support,52,4.6,59700.0,3.3,No,2,4,0.4,2,21,Yes
E1296,Marketing,58,4.0,43300.0,11.9,Yes,5,4,2.0,4,28,No
E1297,Sales,25,1.1,52700.0,12.3,No,1,4,1.9,3,23,No
E1298,Customer Support,42,1.2,68100.0,22.8,Yes,1,5,0.2,5,19,Yes
E1299,Sales,54,4.7,50900.0,16.2,No,1,1,3.0,4,18,No
E1300,Sales,21,1.9,60100.0,9.4,Yes,1,5,2.4,5,21,No
E1301,Customer Support,46,3.9,54600.0,12.7,Yes,2,5,0.5,2,17,Yes
E1302,Customer Support,30,0.5,49600.0,3.8,Yes,3,3,1.6,3,8,Yes
E1303,Customer Support,50,5.7,50000.0,10.8,Yes,4,1,3.2,3,13,No
E1304,Marketing,38,3.7,51500.0,8.1,Yes,2,4,1.9,1,12,Yes
E1305,HR,37,7.1,32700.0,1.7,No,1,2,1.3,3,22,No
E1306,Customer Support,46,0.4,51200.0,3.3,No,2,4,1.0,4,13,No
E1307,Engineering,28,2.7,55000.0,4.1,No,5,5,2.4,3,20,No
E1308,Operations,32,2.7,59900.0,31.0,No,1,1,7.0,3,17,No
E1309,Engineering,47,1.3,94500.0,3.1,Yes,4,1,2.8,4,15,No
E1310,Engineering,28,1.8,34900.0,4.1,No,1,1,0.2,4,24,No
E1311,Sales,45,0.1,79400.0,5.5,Yes,4,3,1.5,3,18,No
E1312,Sales,24,4.1,51200.0,13.1,No,4,4,5.5,3,13,No
E1313,HR,53,2.4,48800.0,1.5,No,3,3,0.2,3,23,No
E1314,Operations,21,0.2,37200.0,36.9,Yes,3,2,11.2,3,25,No
E1315,Marketing,39,3.4,54900.0,24.1,No,2,5,7.4,4,12,No
E1316,Engineering,51,1.9,70000.0,10.3,No,2,3,0.2,3,20,No
E1317,Sales,36,0.1,74800.0,13.5,No,4,3,6.8,4,15,No
E1318,Sales,34,10.5,46100.0,1.0,No,1,5,1.1,4,14,No
E1319,Engineering,25,8.9,99900.0,5.0,Yes,5,1,4.7,4,17,No
E1320,Customer Support,46,2.2,55200.0,19.1,No,5,5,1.4,3,13,No
E1321,Marketing,48,0.3,53600.0,1.0,Yes,1,4,1.5,3,15,No
E1322,Marketing,22,4.2,49700.0,4.0,No,1,5,2.5,4,14,No
E1323,Engineering,26,2.0,63000.0,10.6,Yes,3,1,3.7,3,19,Yes
E1324,HR,29,1.1,47300.0,3.6,No,5,5,0.1,3,21,No
E1325,Marketing,53,2.0,54600.0,32.6,No,4,3,2.2,3,15,No
E1326,Customer Support,45,2.2,44100.0,1.7,No,2,2,0.5,3,20,No
E1327,Customer Support,33,2.5,38600.0,19.2,No,3,3,1.1,4,14,No
E1328,Engineering,29,1.7,72000.0,8.5,No,5,2,1.1,3,15,No
E1329,Engineering,33,2.8,53100.0,16.7,No,1,5,1.6,3,14,No
E1330,Engineering,51,7.5,74800.0,4.5,No,5,4,1.0,3,21,No
E1331,Marketing,31,1.3,49100.0,8.7,Yes,4,5,0.3,4,17,No
E1332,Sales,24,3.9,68800.0,23.3,No,3,1,0.4,4,14,Yes
E1333,Sales,54,6.7,73300.0,7.5,Yes,1,5,0.1,4,22,No
E1334,Sales,58,1.8,73300.0,5.4,Yes,4,2,1.6,3,16,No
E1335,Sales,24,1.8,62800.0,9.2,No,2,3,7.7,1,20,No
E1336,Operations,58,2.8,55400.0,15.2,No,3,4,0.3,3,22,No
E1337,Marketing,39,2.7,47700.0,7.0,No,4,5,7.3,4,14,Yes
E1338,Customer Support,26,4.9,55400.0,33.5,Yes,4,5,3.3,4,14,No
E1339,Sales,54,1.9,70200.0,4.2,No,1,3,2.5,4,13,No
E1340,Customer Support,38,16.7,26800.0,7.7,Yes,2,4,2.6,3,22,No
E1341,Customer Support,33,0.2,51600.0,17.0,Yes,4,5,4.4,4,17,No
E1342,Sales,43,0.1,79300.0,14.0,Yes,3,5,0.3,3,20,No
E1343,Engineering,39,3.1,62100.0,23.9,No,4,2,1.8,4,19,No
E1344,Engineering,31,1.1,58000.0,60.0,No,5,2,3.0,3,14,Yes
E1345,Customer Support,21,0.8,41400.0,6.7,Yes,3,1,2.2,4,9,No
E1346,Customer Support,44,1.1,27500.0,1.4,No,3,3,4.5,2,13,No
E1347,Sales,27,0.9,59700.0,1.0,Yes,4,4,0.2,3,20,No
E1348,Engineering,45,0.1,69200.0,15.6,No,1,5,2.9,4,15,No
E1349,Customer Support,41,10.7,49300.0,24.9,No,3,5,1.9,3,11,No
E1350,Customer Support,35,0.7,52000.0,3.0,No,5,1,1.2,4,27,No
E1351,Operations,21,4.0,38700.0,2.1,No,1,5,1.0,4,15,Yes
E1352,Marketing,32,4.3,56100.0,1.0,No,1,3,2.4,4,19,No
E1353,Sales,27,7.9,64700.0,20.8,No,1,1,5.5,3,18,Yes
E1354,Sales,35,0.1,50100.0,4.5,No,3,3,1.7,3,15,No
E1355,Customer Support,41,6.2,52100.0,6.2,No,1,1,4.4,4,19,No
E1356,Sales,39,2.2,59000.0,8.4,No,4,5,1.3,3,20,No
E1357,Customer Support,49,3.0,38700.0,22.0,Yes,1,1,0.3,4,24,No
E1358,HR,45,3.1,54500.0,12.6,No,5,2,0.2,3,22,No
E1359,Customer Support,53,5.1,43000.0,11.5,No,2,4,0.1,3,16,No
E1360,Engineering,52,1.2,81900.0,2.3,Yes,5,5,1.2,3,21,No
E1361,Customer Support,55,4.0,43700.0,8.6,No,3,4,1.0,1,19,No
E1362,Engineering,58,2.3,44600.0,15.1,No,1,5,3.2,3,12,No
E1363,Customer Support,46,4.7,50200.0,43.5,No,1,4,3.4,4,19,No
E1364,HR,31,14.0,53700.0,2.7,No,4,2,0.1,4,16,Yes
E1365,Engineering,55,0.7,48500.0,1.0,No,1,4,0.6,3,21,No
E1366,HR,28,15.7,61000.0,1.0,No,5,1,0.8,5,14,No
E1367,Operations,34,0.3,59000.0,5.7,No,3,4,2.0,3,14,No
E1368,Sales,30,0.1,44100.0,20.6,No,2,5,0.4,5,27,No
E1369,Sales,22,0.1,47400.0,1.0,No,1,3,0.4,4,24,No
E1370,Sales,29,1.3,55500.0,7.3,No,2,4,7.2,4,16,No
E1371,Sales,23,3.0,45800.0,4.8,No,1,4,4.1,2,10,No
E1372,Sales,41,0.2,67800.0,1.0,No,3,4,0.5,3,21,No
E1373,Marketing,46,0.1,54300.0,7.2,No,5,5,1.3,1,19,No
E1374,Sales,28,8.3,40500.0,3.5,Yes,3,4,1.1,4,15,No
E1375,Engineering,22,5.2,53400.0,5.2,Yes,2,5,3.9,3,18,Yes
E1376,Operations,26,5.0,65500.0,14.7,No,1,5,1.8,4,22,No
E1377,Sales,48,6.5,81900.0,8.8,No,2,3,0.3,3,19,No
E1378,Operations,49,3.6,56800.0,1.6,Yes,5,1,3.4,4,15,Yes
E1379,Engineering,46,0.3,64800.0,39.1,Yes,3,5,1.3,3,15,No
E1380,Sales,45,1.5,50800.0,12.1,Yes,2,2,0.8,3,25,No
E1381,Marketing,32,3.9,60000.0,17.4,No,2,4,1.2,3,11,No
E1382,Customer Support,25,1.0,47700.0,1.0,Yes,5,2,1.7,3,13,Yes
E1383,Operations,54,3.5,27700.0,1.0,No,1,4,1.1,3,26,No
E1384,Marketing,57,0.1,67000.0,1.0,No,2,3,0.7,4,15,No
E1385,Operations,35,1.1,67700.0,2.5,No,5,5,1.3,2,16,No
E1386,Engineering,56,2.4,82600.0,6.4,No,1,1,0.0,3,19,No
E1387,Sales,35,3.0,40500.0,33.0,Yes,1,5,3.7,4,18,No
E1388,Marketing,43,2.6,43100.0,7.3,No,3,4,0.5,2,10,No
E1389,Operations,26,3.6,24400.0,4.1,No,5,1,0.1,5,21,No
E1390,HR,41,0.1,72600.0,9.9,No,1,5,2.7,5,17,No
E1391,Engineering,43,0.3,62000.0,1.4,No,3,1,3.7,2,17,No
E1392,Engineering,36,6.1,112500.0,11.3,No,4,4,4.2,3,16,Yes
E1393,Operations,35,3.4,75900.0,10.1,Yes,5,3,1.7,3,13,No
E1394,Engineering,45,0.4,51800.0,18.8,No,4,3,0.6,4,17,No
E1395,HR,56,5.5,40800.0,51.8,Yes,1,5,3.3,4,15,No
E1396,Operations,31,0.8,55800.0,3.5,No,5,2,3.0,4,15,No
E1397,Engineering,35,2.0,35900.0,8.6,Yes,3,4,0.7,4,21,No
E1398,Marketing,24,0.5,46000.0,28.7,No,1,5,5.8,2,18,No
E1399,Marketing,41,3.7,44600.0,18.5,No,5,5,0.3,4,15,Yes
E1400,Sales,33,3.3,86900.0,8.0,Yes,5,3,10.1,4,20,Yes
E1401,Operations,42,0.7,51700.0,34.9,No,4,1,4.9,4,17,No
E1402,Customer Support,39,6.0,43100.0,1.0,Yes,1,4,2.9,4,16,No
E1403,Operations,54,1.5,41000.0,32.1,Yes,3,1,7.0,4,10,No
E1404,Engineering,34,1.0,85500.0,1.0,No,3,4,3.2,3,19,No
E1405,Operations,24,0.5,42800.0,9.5,No,1,2,0.5,3,16,No
E1406,Engineering,47,0.9,67800.0,26.5,No,1,3,1.5,3,15,No
E1407,Sales,49,0.1,47700.0,3.7,Yes,2,2,0.2,2,21,No
E1408,Operations,48,2.6,29000.0,7.7,No,4,5,1.2,5,21,No
E1409,Sales,55,5.5,42100.0,4.7,No,1,3,3.4,2,17,No
E1410,Engineering,28,2.4,59400.0,36.5,No,1,5,1.2,4,18,No
E1411,HR,36,0.7,47000.0,20.8,No,2,2,1.0,3,20,No
E1412,HR,56,0.1,47600.0,14.8,No,2,4,2.3,1,20,No
E1413,Customer Support,50,0.7,45600.0,10.6,No,5,5,5.1,5,19,No
E1414,Customer Support,38,1.6,40500.0,20.6,No,3,1,0.1,4,18,No
E1415,Engineering,22,4.3,94000.0,6.0,No,4,4,1.2,3,21,No
E1416,Engineering,33,0.6,86500.0,7.1,No,5,4,0.4,3,13,No
E1417,Engineering,24,3.8,66200.0,15.7,Yes,1,2,3.0,2,26,Yes
E1418,Marketing,46,6.1,55900.0,5.3,No,2,2,0.3,3,18,No
E1419,Marketing,45,1.8,46900.0,1.0,No,3,3,2.7,3,21,No
E1420,Operations,50,5.2,16200.0,1.0,Yes,5,3,0.8,3,13,Yes
E1421,Operations,31,2.4,49800.0,1.5,Yes,3,1,0.6,5,17,Yes
E1422,Sales,27,3.0,62600.0,24.5,No,2,4,6.9,4,13,Yes
E1423,Customer Support,51,2.2,26200.0,7.7,Yes,5,1,0.0,4,20,No
E1424,Sales,30,1.9,65600.0,15.0,No,5,1,1.4,4,12,No
E1425,Customer Support,59,0.8,43200.0,6.0,No,3,2,0.1,3,21,No
E1426,Engineering,33,1.1,75100.0,3.6,No,2,1,1.7,4,19,No
E1427,Operations,51,1.0,46100.0,5.1,Yes,1,1,1.7,3,19,No
E1428,Engineering,27,2.5,92200.0,19.0,No,5,5,1.0,4,14,No
E1429,Sales,56,0.4,61300.0,11.8,No,1,3,0.4,3,20,No
E1430,Sales,40,7.5,73500.0,33.3,No,2,3,1.2,2,15,No
E1431,Marketing,24,3.8,67700.0,13.7,No,5,4,2.8,4,14,No
E1432,Customer Support,27,1.5,32500.0,10.1,No,5,3,3.8,4,25,No
E1433,Sales,21,0.5,46100.0,11.3,No,1,4,1.9,4,20,No
E1434,Sales,33,6.4,64900.0,34.2,No,4,5,2.2,5,18,No
E1435,Marketing,42,5.2,47000.0,18.6,No,1,3,0.6,2,24,No
E1436,Sales,41,3.8,54000.0,1.0,No,1,5,0.8,3,11,No
E1437,Operations,42,1.0,66900.0,9.2,Yes,4,3,0.4,3,13,Yes
E1438,Marketing,48,1.5,47800.0,14.0,No,2,3,0.7,4,13,No
E1439,Sales,29,0.3,42500.0,16.6,No,2,5,0.6,4,20,No
E1440,Sales,46,0.6,44600.0,2.9,Yes,5,1,1.8,3,16,No
E1441,HR,29,4.6,80700.0,24.2,No,3,1,2.1,4,14,No
E1442,Engineering,35,3.8,65400.0,37.4,Yes,3,1,7.2,4,13,No
E1443,Engineering,30,2.7,43100.0,3.2,Yes,5,1,0.5,3,17,No
E1444,Operations,44,6.8,25600.0,25.7,Yes,3,3,2.6,4,21,No
E1445,HR,28,2.6,42000.0,1.2,Yes,1,2,4.2,4,15,Yes
E1446,HR,44,1.9,47900.0,1.0,No,1,5,2.1,5,21,No
E1447,Marketing,36,1.2,65700.0,1.7,Yes,4,2,0.7,3,13,No
E1448,Engineering,46,8.5,84800.0,1.0,Yes,4,2,0.8,2,18,No
E1449,Sales,47,0.3,57600.0,22.4,No,5,4,0.1,3,21,No
E1450,Operations,57,8.0,43400.0,1.0,No,5,1,0.9,2,12,No
E1451,Customer Support,24,5.3,51100.0,3.8,No,5,3,3.4,5,18,No
E1452,Engineering,44,0.4,36000.0,1.3,No,1,1,0.1,2,17,No
E1453,Operations,39,2.5,76200.0,4.2,No,3,1,0.6,4,15,No
E1454,Sales,56,6.0,68000.0,1.1,Yes,5,2,3.1,3,17,Yes
E1455,Customer Support,59,2.5,57800.0,13.2,No,5,4,3.8,3,23,Yes
E1456,Sales,30,7.1,40800.0,1.7,Yes,1,1,1.5,2,20,Yes
E1457,Engineering,45,8.6,92800.0,22.9,No,1,5,3.0,4,19,No
E1458,Sales,38,1.6,50500.0,20.4,No,1,5,1.2,4,21,No
E1459,Sales,39,1.4,42700.0,1.0,No,3,1,0.4,3,14,No
E1460,Sales,56,8.3,57100.0,27.1,No,5,2,1.3,5,18,No
E1461,Customer Support,30,3.4,46000.0,1.0,No,2,2,2.2,3,15,Yes
E1462,Marketing,53,0.4,36900.0,3.3,Yes,2,3,7.4,3,15,Yes
E1463,Customer Support,25,0.1,35400.0,1.0,No,5,4,0.2,3,17,Yes
E1464,HR,55,2.5,37200.0,4.9,No,5,2,1.8,2,13,No
E1465,Engineering,54,8.0,50600.0,8.7,No,5,3,1.0,5,13,No
E1466,Engineering,53,5.6,61500.0,19.1,Yes,5,5,1.8,3,26,No
E1467,Operations,41,3.4,30800.0,4.9,No,3,5,0.1,2,22,No
E1468,Engineering,37,0.4,55800.0,14.7,No,2,5,0.9,3,16,No
E1469,HR,42,0.9,65000.0,2.5,No,4,1,4.3,4,16,No
E1470,Sales,57,6.3,70700.0,16.7,No,2,4,2.0,3,16,No
E1471,HR,35,0.6,36200.0,3.2,No,2,3,1.5,4,15,No
E1472,Sales,55,1.0,72900.0,1.9,No,1,4,0.8,2,25,No
E1473,Operations,48,0.4,23000.0,2.5,No,5,1,0.9,3,14,No
E1474,Customer Support,27,3.4,77700.0,2.4,No,5,3,1.2,4,23,No
E1475,HR,52,8.6,68500.0,8.6,No,5,3,4.5,2,17,No
E1476,Sales,31,0.9,48900.0,22.4,No,1,2,8.5,4,17,No
E1477,Customer Support,30,1.9,51600.0,1.0,Yes,3,4,1.4,2,11,No
E1478,HR,29,3.0,31300.0,14.7,Yes,3,4,1.2,4,14,No
E1479,Customer Support,34,20.0,47500.0,12.7,No,4,2,4.7,3,24,No
E1480,Customer Support,33,0.3,44400.0,24.7,Yes,3,5,1.4,4,16,No
E1481,Marketing,45,2.1,40400.0,3.4,No,3,1,2.0,3,22,No
E1482,Engineering,22,1.5,60000.0,7.2,No,5,4,0.7,2,18,Yes
E1483,Customer Support,55,6.0,39500.0,31.2,No,2,2,3.4,3,16,No
E1484,Customer Support,27,1.9,32300.0,12.9,No,3,3,1.9,2,18,No
E1485,Operations,41,0.4,37900.0,5.9,No,3,2,4.1,3,18,No
E1486,Sales,38,3.0,35100.0,1.7,Yes,1,5,3.8,3,16,Yes
E1487,Engineering,23,4.4,84900.0,3.7,No,4,1,0.6,4,19,No
E1488,HR,59,0.1,37700.0,10.4,No,1,5,3.1,4,16,No
E1489,Operations,31,5.9,33000.0,15.2,No,5,3,4.0,4,28,No
E1490,Engineering,59,0.6,84500.0,1.6,No,2,3,1.1,4,20,No
E1491,Customer Support,44,2.4,51400.0,11.0,No,4,3,0.5,3,19,No
E1492,Engineering,39,1.6,83900.0,9.6,Yes,1,3,0.0,3,21,No
E1493,Sales,24,3.8,72100.0,8.7,No,3,2,1.5,3,19,No
E1494,Engineering,46,1.4,105100.0,14.1,No,3,3,1.1,4,12,No
E1495,Engineering,58,6.1,65900.0,21.8,Yes,4,3,2.0,3,16,No
E1496,Customer Support,52,3.9,28100.0,4.7,No,3,2,0.5,1,20,No
E1497,Sales,59,3.1,62100.0,26.4,No,1,3,4.9,4,16,Yes
E1498,HR,56,4.8,41400.0,2.1,No,1,5,0.7,3,18,No
E1499,HR,57,4.2,37400.0,2.3,Yes,3,5,0.6,4,24,No
E1500,Marketing,53,0.1,53700.0,3.7,Yes,3,4,1.6,4,24,No
E1501,Customer Support,56,1.5,57800.0,1.5,No,5,5,1.7,2,23,No
E1502,Engineering,23,8.0,53100.0,3.1,Yes,2,1,0.6,2,19,No
E1503,Operations,29,0.4,66700.0,1.4,No,4,1,0.8,3,23,Yes
E1504,Marketing,28,4.0,38200.0,20.7,No,1,1,0.5,4,16,No
E1505,Sales,53,11.0,53900.0,1.8,No,4,2,3.2,3,9,No
E1506,Operations,26,0.2,54700.0,16.5,No,5,5,3.7,4,24,No
E1507,Operations,59,3.4,44300.0,1.0,No,1,1,1.6,4,17,No
E1508,HR,24,1.9,26100.0,35.6,Yes,5,4,3.1,3,17,No
E1509,Marketing,33,2.6,65500.0,14.9,Yes,5,2,3.3,1,17,Yes
E1510,Customer Support,22,0.3,38800.0,1.0,No,3,4,0.4,4,20,No
E1511,Engineering,25,0.1,82800.0,17.3,No,4,5,8.5,3,17,No
E1512,HR,47,3.3,33100.0,8.7,No,4,3,4.3,4,18,No
E1513,Operations,52,5.2,34700.0,18.1,No,3,4,0.6,3,20,No
E1514,Sales,41,4.6,71300.0,8.9,No,4,3,0.5,4,19,No
E1515,Sales,28,2.4,63100.0,12.3,Yes,3,2,0.3,4,13,No
E1516,Engineering,58,0.3,60500.0,18.5,Yes,1,4,0.4,4,15,No
E1517,Operations,28,3.5,54300.0,6.2,No,5,4,3.4,3,15,No
E1518,HR,23,0.8,37400.0,1.0,No,5,2,1.6,3,18,No
E1519,Sales,23,7.3,59500.0,22.8,No,4,2,3.8,4,24,No
E1520,Customer Support,42,5.5,48400.0,5.8,No,2,1,3.4,3,17,No
E1521,Engineering,26,3.7,61800.0,8.2,No,5,5,2.3,3,19,No
E1522,HR,22,8.9,39100.0,1.0,No,3,4,2.9,5,17,No
E1523,Operations,43,0.1,50500.0,8.1,No,2,4,0.0,3,23,No
E1524,Operations,22,4.0,48800.0,51.6,Yes,2,2,0.9,1,9,Yes
E1525,Engineering,58,1.2,60000.0,3.9,No,5,2,2.5,1,17,No
E1526,Engineering,37,7.1,49400.0,6.0,No,5,5,0.0,4,20,No
E1527,Engineering,55,0.9,69000.0,13.9,Yes,5,2,0.1,4,18,No
E1528,Sales,54,3.9,50500.0,20.2,No,3,3,4.8,3,22,No
E1529,Operations,43,6.3,35600.0,6.5,No,2,3,2.9,3,10,No
E1530,Operations,50,0.1,50100.0,4.4,Yes,4,3,0.8,3,13,Yes
E1531,HR,28,1.5,72800.0,33.3,No,3,3,2.9,4,13,Yes
E1532,HR,42,4.3,45500.0,13.6,No,1,5,3.9,2,16,No
E1533,Customer Support,56,1.8,65900.0,1.5,Yes,5,4,0.9,5,27,No
E1534,Marketing,25,0.9,82400.0,1.0,No,2,3,0.1,3,17,No
E1535,HR,33,0.7,37400.0,7.9,Yes,3,2,6.7,5,25,Yes
E1536,Operations,49,0.4,49600.0,3.0,No,1,3,1.1,3,10,No
E1537,Engineering,51,5.8,108200.0,3.5,Yes,3,5,0.3,4,20,No
E1538,Engineering,36,2.6,66500.0,25.2,No,3,2,1.7,3,16,No
E1539,Sales,50,0.2,58400.0,1.1,No,4,3,3.7,2,32,No
E1540,HR,36,1.4,27500.0,15.1,Yes,4,4,0.6,4,27,No
E1541,Customer Support,32,1.4,40000.0,3.8,No,3,2,0.8,4,13,No
E1542,Engineering,37,0.6,79100.0,17.1,No,1,2,0.7,3,19,No
E1543,Marketing,36,1.7,86800.0,15.4,No,2,4,12.0,4,21,No
E1544,Customer Support,32,1.2,44300.0,1.0,No,2,2,0.5,4,28,No
E1545,Engineering,28,1.3,37600.0,8.5,No,5,3,2.1,4,23,No
E1546,Sales,40,4.0,35600.0,1.8,Yes,5,2,6.5,3,19,No
E1547,Marketing,23,0.8,51800.0,24.1,Yes,2,3,0.4,3,19,No
E1548,Customer Support,36,3.1,61800.0,24.6,No,3,4,8.8,3,7,No
E1549,Operations,50,2.5,58100.0,6.5,No,3,1,7.4,3,13,No
E1550,Customer Support,43,2.5,52600.0,7.1,No,4,4,5.4,4,15,No
E1551,Operations,48,3.3,67100.0,4.3,No,4,3,0.6,3,17,No
E1552,Customer Support,25,2.4,37600.0,15.1,No,5,5,2.5,3,18,No
E1553,Customer Support,40,6.3,47000.0,5.3,No,2,4,3.6,4,20,No
E1554,Operations,21,3.4,42500.0,3.7,Yes,3,5,10.7,4,17,No
E1555,Engineering,50,2.4,63600.0,6.8,Yes,2,5,0.5,3,17,No
E1556,Sales,41,5.3,41900.0,1.2,No,1,3,3.6,3,13,No
E1557,Sales,40,2.8,52300.0,16.5,No,2,3,1.0,5,26,No
E1558,Marketing,26,1.0,51900.0,1.0,No,1,1,0.5,3,15,No
E1559,Customer Support,42,0.7,42000.0,12.4,Yes,4,2,1.4,4,22,No
E1560,Marketing,38,0.5,50000.0,2.4,No,4,4,3.9,4,22,No
E1561,Sales,28,6.9,64200.0,3.2,No,5,3,1.6,3,16,No
E1562,Sales,59,3.7,77300.0,12.1,Yes,2,4,1.9,5,19,No
E1563,Sales,52,8.3,78400.0,59.4,No,2,5,13.3,4,25,No
E1564,Engineering,53,2.8,83000.0,18.0,No,1,2,1.3,3,17,Yes
E1565,Customer Support,36,1.9,30700.0,3.1,No,4,1,2.4,4,13,No
E1566,Engineering,32,0.2,62000.0,2.3,No,1,4,1.1,4,27,No
E1567,Engineering,58,3.3,63600.0,24.1,No,4,2,1.2,4,22,No
E1568,Operations,54,2.6,40600.0,7.0,Yes,1,1,3.0,4,15,No
E1569,Engineering,34,13.9,75100.0,1.8,Yes,4,4,6.9,3,18,No
E1570,Customer Support,56,0.8,26400.0,23.8,No,1,2,2.0,3,14,No
E1571,Operations,53,2.3,72400.0,20.3,No,4,3,3.7,3,20,No
E1572,Engineering,43,3.2,91100.0,49.6,Yes,1,4,0.2,2,14,No
E1573,Customer Support,22,3.1,52900.0,28.9,No,2,2,0.6,2,13,No
E1574,Operations,41,2.5,48700.0,22.9,No,5,1,1.7,4,13,No
E1575,HR,22,4.5,67500.0,1.0,No,1,2,0.1,4,16,No
E1576,Sales,47,0.7,68600.0,1.3,Yes,5,3,0.7,4,14,No
E1577,HR,29,3.9,65900.0,10.1,No,2,4,1.8,4,14,No
E1578,Customer Support,21,2.9,46000.0,9.1,Yes,2,4,0.0,4,21,No
E1579,Engineering,31,6.8,102200.0,7.3,No,4,4,0.8,3,16,No
E1580,Engineering,23,5.6,90600.0,6.1,No,5,3,1.8,4,31,No
E1581,HR,43,1.1,57600.0,6.8,No,3,1,2.1,3,14,No
E1582,Customer Support,46,1.0,62700.0,10.1,Yes,4,4,6.5,5,11,No
E1583,Engineering,24,12.0,60900.0,1.0,Yes,5,1,2.6,4,19,No
E1584,Customer Support,38,2.2,31900.0,3.6,No,1,2,1.3,3,16,No
E1585,Engineering,26,7.1,74800.0,8.8,No,1,1,6.7,4,28,No
E1586,Sales,55,0.5,56800.0,15.4,No,2,1,3.8,3,20,Yes
E1587,Sales,42,3.1,54600.0,2.3,No,3,4,0.6,3,10,No
E1588,Sales,35,5.0,76900.0,9.5,No,1,5,0.4,4,12,No
E1589,Sales,42,8.8,60400.0,15.0,Yes,5,5,2.8,3,13,No
E1590,Sales,57,1.2,62000.0,7.1,Yes,5,3,2.1,2,21,No
E1591,Customer Support,32,3.9,42600.0,1.0,Yes,1,3,3.9,5,20,No
E1592,Sales,58,2.3,71600.0,7.2,Yes,5,5,3.4,4,19,No
E1593,Engineering,38,0.2,81900.0,4.2,No,5,2,2.5,4,26,No
E1594,Operations,55,3.5,61300.0,31.9,No,2,4,10.7,4,24,No
E1595,Customer Support,50,3.5,40400.0,1.6,No,3,4,1.9,3,28,Yes
E1596,Marketing,44,8.0,70900.0,12.7,Yes,2,2,0.3,3,16,No
E1597,Sales,50,2.1,86700.0,1.0,Yes,3,2,4.4,4,12,No
E1598,Sales,34,0.8,71000.0,7.1,Yes,5,5,0.7,5,27,No
E1599,Sales,26,0.1,45000.0,9.7,No,3,3,3.8,3,21,No
E1600,Sales,23,1.6,45200.0,4.2,No,5,2,7.9,4,15,No
E1601,Engineering,36,1.1,61800.0,7.3,No,5,3,3.0,5,14,No
E1602,Sales,27,4.3,48800.0,2.1,Yes,2,1,2.3,4,13,Yes
E1603,Sales,34,1.3,56600.0,4.4,Yes,2,4,1.5,5,25,No
E1604,Sales,29,8.9,67700.0,11.6,Yes,4,5,1.1,3,18,No
E1605,Engineering,35,9.8,74100.0,4.3,Yes,1,4,1.1,5,18,No
E1606,Sales,41,2.9,60900.0,27.6,No,4,5,2.5,4,16,No
E1607,Engineering,55,7.9,64200.0,11.9,Yes,4,1,3.5,2,17,No
E1608,Customer Support,22,4.3,45800.0,6.9,No,3,4,2.8,5,19,No
E1609,Marketing,47,2.4,63600.0,1.0,No,5,1,0.6,3,18,No
E1610,Sales,22,0.6,26000.0,8.3,No,5,5,1.7,3,16,No
E1611,Operations,55,1.8,49300.0,17.4,No,5,2,3.9,4,14,No
E1612,Customer Support,38,2.5,50400.0,3.7,No,1,4,1.6,3,21,No
E1613,Sales,34,6.0,70100.0,19.7,Yes,3,1,1.9,3,15,Yes
E1614,Operations,40,2.0,35800.0,3.5,No,3,4,3.7,4,11,No
E1615,HR,38,6.8,36000.0,20.8,No,5,4,2.7,1,12,No
E1616,Sales,30,3.4,67000.0,1.1,Yes,4,4,1.3,3,18,No
E1617,Engineering,45,0.4,33000.0,24.1,No,1,3,5.6,1,23,No
E1618,Operations,22,15.9,67500.0,8.3,No,4,1,0.4,3,10,No
E1619,Marketing,45,2.2,55500.0,4.2,No,2,1,13.5,4,19,Yes
E1620,Sales,53,1.5,82300.0,3.7,Yes,3,4,0.3,4,16,No
E1621,Sales,56,3.2,40600.0,6.8,Yes,3,2,0.0,5,19,Yes
E1622,Engineering,51,0.3,60600.0,60.0,No,4,4,5.5,4,18,No
E1623,Customer Support,34,3.0,16100.0,3.0,Yes,1,3,0.7,3,20,No
E1624,Customer Support,21,2.1,36600.0,1.3,No,3,5,3.3,5,13,No
E1625,Engineering,36,1.6,65200.0,10.6,No,4,3,4.2,4,20,No
E1626,Engineering,23,9.2,32000.0,8.0,Yes,1,2,4.9,4,14,Yes
E1627,Marketing,55,2.2,46600.0,8.9,No,4,4,11.9,4,15,No
E1628,Sales,26,0.7,26500.0,13.2,No,1,1,0.9,5,23,No
E1629,Engineering,45,1.8,63900.0,3.7,Yes,5,4,3.1,4,17,Yes
E1630,Marketing,33,7.6,68600.0,29.0,No,1,2,0.3,3,17,No
E1631,Operations,54,0.6,49000.0,6.9,No,2,1,1.3,4,12,Yes
E1632,Customer Support,28,0.7,67900.0,1.7,No,5,3,4.7,2,23,No
E1633,Customer Support,41,0.1,56800.0,16.3,No,4,5,1.1,3,14,No
E1634,Sales,54,0.1,79000.0,12.4,No,5,5,2.2,3,14,No
E1635,Engineering,24,5.3,54400.0,4.6,No,5,4,1.8,3,13,Yes
E1636,Customer Support,45,4.0,36700.0,11.7,No,4,3,2.6,1,21,No
E1637,Engineering,35,1.3,75200.0,3.0,No,4,2,9.0,3,16,No
E1638,Engineering,24,3.6,39100.0,7.1,No,2,5,0.1,4,19,No
E1639,Engineering,32,1.5,77600.0,27.6,No,4,3,2.1,4,21,No
E1640,Sales,52,9.2,52600.0,1.7,Yes,3,4,5.0,5,16,No
E1641,Engineering,52,10.2,93600.0,5.9,No,3,1,1.6,3,14,No
E1642,Sales,48,1.5,68500.0,20.7,No,2,4,0.2,4,11,Yes
E1643,Engineering,33,5.8,89400.0,41.9,Yes,1,4,2.1,5,7,No
E1644,Sales,51,4.4,45900.0,7.3,No,1,3,1.0,3,21,No
E1645,Operations,34,1.1,63600.0,8.5,Yes,3,5,0.4,4,20,No
E1646,Customer Support,40,0.8,65200.0,10.2,Yes,4,3,4.7,4,13,No
E1647,Marketing,38,1.8,51700.0,32.3,No,2,1,1.8,2,13,No
E1648,Operations,49,4.6,39500.0,23.4,No,1,3,6.8,4,21,No
E1649,Customer Support,26,9.7,37600.0,2.2,Yes,1,2,4.1,4,18,No
E1650,Sales,52,4.3,77300.0,6.9,No,5,4,3.0,2,17,No
E1651,Customer Support,49,5.8,81000.0,7.5,No,3,5,0.0,2,22,No
E1652,Customer Support,22,2.8,34300.0,18.7,Yes,4,1,1.4,2,19,Yes
E1653,Marketing,43,5.4,37100.0,11.1,No,2,4,0.6,3,24,No
E1654,Engineering,39,4.6,86000.0,12.7,No,1,3,6.0,3,15,No
E1655,Sales,51,1.4,45900.0,60.0,No,5,2,0.5,3,18,Yes
E1656,Engineering,25,2.4,87900.0,1.0,No,3,3,0.8,3,19,No
E1657,Engineering,39,4.9,77500.0,3.0,No,3,4,1.8,5,16,No
E1658,Customer Support,54,0.1,46400.0,6.3,Yes,2,1,0.8,3,16,No
E1659,Customer Support,30,5.0,52400.0,5.1,Yes,1,5,0.6,2,18,No
E1660,Engineering,45,0.6,75900.0,1.0,No,2,4,2.3,3,18,No
E1661,HR,22,2.2,48100.0,1.2,No,2,1,0.2,3,19,Yes
E1662,Customer Support,31,5.0,24400.0,13.7,Yes,5,4,0.1,3,18,No
E1663,Engineering,51,0.9,72100.0,25.4,No,3,2,1.2,3,26,No
E1664,Sales,35,0.8,82500.0,8.7,No,4,3,3.2,3,15,No
E1665,Sales,29,1.5,32400.0,9.3,Yes,3,5,2.0,4,13,No
E1666,Engineering,43,6.8,50600.0,3.5,Yes,3,1,1.4,5,18,No
E1667,Sales,39,0.1,64500.0,17.5,Yes,5,5,2.1,3,14,No
E1668,Sales,29,6.9,58400.0,16.7,No,4,5,1.1,3,24,No
E1669,Engineering,55,0.5,76500.0,10.7,Yes,1,5,6.9,4,20,No
E1670,Sales,41,13.8,46700.0,2.9,No,4,1,0.1,4,19,No
E1671,Operations,29,9.3,65200.0,1.2,No,1,1,2.8,3,20,No
E1672,Sales,48,2.0,58500.0,1.0,No,4,5,5.5,5,18,No
E1673,Customer Support,27,2.2,55700.0,10.8,Yes,2,3,4.1,4,16,No
E1674,Engineering,36,2.0,74800.0,20.9,No,4,4,0.5,3,13,No
E1675,HR,36,3.0,53000.0,23.5,No,5,5,0.9,4,18,No
E1676,Sales,53,0.3,67600.0,7.5,No,1,2,3.2,5,17,Yes
E1677,Engineering,24,0.1,72200.0,18.4,No,3,5,0.2,4,23,No
E1678,HR,24,0.2,34100.0,35.2,No,5,1,4.2,2,17,No
E1679,Operations,59,1.8,64200.0,3.9,No,1,4,3.2,3,23,No
E1680,Operations,37,1.0,60600.0,6.1,No,1,2,3.3,3,15,Yes
E1681,Engineering,57,2.9,29200.0,32.2,Yes,3,4,0.3,3,19,No
E1682,Sales,59,14.7,47500.0,5.0,Yes,2,4,3.2,4,18,Yes
E1683,Marketing,49,1.5,67100.0,29.4,No,5,2,2.8,4,17,No
E1684,HR,56,2.6,25400.0,47.6,Yes,3,5,4.4,4,24,Yes
E1685,Customer Support,58,1.6,58800.0,13.0,Yes,3,5,0.1,5,24,No
E1686,Customer Support,59,5.6,45000.0,20.4,No,2,5,0.1,3,24,No
E1687,Engineering,57,7.0,93900.0,16.6,Yes,5,3,1.2,4,15,No
E1688,Marketing,55,6.3,52200.0,14.4,Yes,3,5,0.4,4,16,No
E1689,Sales,27,11.0,46400.0,4.4,Yes,2,2,2.0,3,16,Yes
E1690,Engineering,47,0.1,74500.0,1.0,No,5,3,6.2,4,22,No
E1691,Engineering,48,5.5,68100.0,5.0,No,4,5,1.2,2,23,No
E1692,Customer Support,42,4.2,36400.0,13.2,No,1,3,4.7,4,17,No
E1693,Engineering,34,0.8,110400.0,1.3,No,2,2,0.0,3,20,No
E1694,Sales,27,9.4,42400.0,1.0,No,1,5,0.5,3,11,No
E1695,Customer Support,57,0.5,18200.0,1.8,No,4,1,0.1,4,21,No
E1696,Engineering,42,3.4,98400.0,15.1,No,3,2,1.0,4,17,Yes
E1697,Customer Support,25,0.8,39300.0,43.3,No,3,4,6.0,3,19,No
E1698,Sales,22,1.7,53000.0,48.9,No,5,4,0.3,2,20,No
E1699,Customer Support,47,3.8,42200.0,8.2,Yes,2,2,2.3,3,10,No
E1700,Customer Support,41,2.5,39500.0,24.4,Yes,2,4,1.5,4,9,Yes
E1701,Sales,58,1.7,45700.0,16.0,Yes,5,2,7.0,4,19,No
E1702,Engineering,35,1.2,50000.0,8.3,No,1,1,0.3,5,8,No
E1703,Sales,41,5.5,58800.0,10.2,No,3,2,0.6,3,16,No
E1704,Sales,30,0.5,51400.0,1.8,No,3,5,0.1,4,15,No
E1705,HR,43,1.7,60700.0,33.3,Yes,2,5,1.4,3,12,Yes
E1706,Engineering,59,7.0,77800.0,5.2,No,2,3,0.8,4,7,No
E1707,Operations,25,5.6,37000.0,7.1,No,5,4,5.1,3,25,No
E1708,Engineering,21,1.5,70800.0,13.4,No,4,4,2.3,3,26,No
E1709,Marketing,33,4.3,46300.0,4.9,No,1,2,2.4,4,23,No
E1710,Marketing,41,5.2,38100.0,3.5,No,4,4,1.9,1,16,No
E1711,Customer Support,46,6.6,55500.0,12.0,No,4,5,0.2,4,15,No
E1712,Customer Support,41,2.4,45200.0,1.0,No,2,1,1.5,4,15,No
E1713,Engineering,38,0.7,61100.0,15.3,No,2,2,15.0,3,17,Yes
E1714,Engineering,57,0.9,52800.0,8.7,Yes,2,4,4.5,3,16,No
E1715,HR,52,1.1,36400.0,11.2,Yes,4,5,5.6,4,23,No
E1716,Operations,56,2.7,76300.0,12.0,No,1,3,4.3,4,16,No
E1717,HR,37,0.1,55200.0,9.0,Yes,2,4,0.3,3,25,Yes
E1718,Sales,55,3.0,40500.0,10.5,No,3,1,0.6,3,16,Yes
E1719,Marketing,31,1.4,56300.0,13.8,Yes,1,1,0.0,4,23,No
E1720,HR,41,1.0,65200.0,16.8,No,3,4,0.9,4,22,No
E1721,Sales,46,6.3,60400.0,15.6,No,1,4,0.3,3,24,No
E1722,Sales,24,1.8,79400.0,24.4,No,2,5,1.6,3,17,No
E1723,Marketing,54,0.3,30300.0,2.5,No,5,4,2.8,4,32,No
E1724,Customer Support,38,5.3,21300.0,6.2,No,2,3,5.2,4,16,No
E1725,Operations,55,0.1,53000.0,35.4,No,4,5,3.5,5,20,Yes
E1726,Sales,49,3.9,62100.0,6.1,Yes,4,2,7.0,4,18,No
E1727,Operations,49,4.5,16200.0,1.6,No,1,3,0.1,5,14,No
E1728,Sales,58,1.3,47900.0,8.9,Yes,4,5,0.0,3,13,No
E1729,Sales,41,5.2,41900.0,1.4,No,2,5,2.7,4,15,No
E1730,Sales,33,2.2,35800.0,2.7,No,3,1,0.9,1,18,No
E1731,Operations,37,1.9,35800.0,60.0,No,2,5,0.7,4,11,No
E1732,Marketing,29,0.1,60700.0,9.4,No,1,3,1.0,3,17,Yes
E1733,Customer Support,21,1.0,33700.0,4.0,No,4,4,0.8,3,20,No
E1734,Engineering,22,8.0,50400.0,60.0,No,3,3,1.8,4,19,No
E1735,Operations,49,1.5,27600.0,40.8,No,5,2,1.5,4,18,No
E1736,Engineering,53,2.4,92500.0,7.0,Yes,3,5,1.8,1,14,No
E1737,Operations,30,2.3,55400.0,3.6,No,3,5,2.8,4,23,No
E1738,Engineering,41,2.7,22500.0,21.9,No,2,5,1.2,3,15,No
E1739,Engineering,48,0.2,50400.0,15.1,No,5,5,0.7,3,21,No
E1740,Engineering,31,1.3,78600.0,13.9,No,1,1,0.5,4,26,No
E1741,Engineering,54,3.9,92800.0,26.8,No,1,1,1.1,3,16,Yes
E1742,Marketing,28,0.7,64200.0,14.0,No,3,4,3.4,5,14,No
E1743,Customer Support,42,0.7,42200.0,4.0,No,3,5,3.5,3,13,No
E1744,Engineering,28,0.1,32500.0,14.2,Yes,4,2,2.7,4,19,No
E1745,Operations,35,1.7,61300.0,4.4,No,5,4,0.7,4,16,No
E1746,Engineering,37,6.4,63100.0,17.1,No,3,5,2.2,3,21,No
E1747,Customer Support,43,0.2,47600.0,11.6,No,4,1,2.1,3,18,No
E1748,Operations,44,0.6,47100.0,1.0,No,5,2,1.7,4,15,Yes
E1749,Customer Support,39,1.1,29500.0,8.6,No,1,4,2.0,4,17,Yes
E1750,Sales,25,3.9,63500.0,5.0,Yes,4,2,1.7,3,19,No
E1751,HR,52,3.1,53700.0,4.8,No,5,5,2.1,3,23,No
E1752,Customer Support,21,1.6,41300.0,11.1,No,4,3,3.1,2,19,Yes
E1753,Engineering,43,4.3,77600.0,4.7,Yes,3,2,0.3,3,25,No
E1754,Sales,57,2.8,36100.0,18.0,Yes,2,2,3.5,3,17,No
E1755,Operations,28,6.8,45900.0,1.0,No,1,1,0.4,2,17,Yes
E1756,Customer Support,33,5.1,47100.0,13.0,Yes,3,5,0.2,4,16,No
E1757,Customer Support,28,0.9,24600.0,19.9,Yes,3,2,9.3,4,23,No
E1758,Operations,43,1.0,48700.0,13.4,Yes,5,5,7.9,5,18,No
E1759,Operations,21,0.4,59400.0,8.3,Yes,4,1,0.2,4,14,No
E1760,Sales,44,1.2,53000.0,36.0,No,1,5,1.5,5,19,No
E1761,Engineering,55,20.0,68100.0,4.3,No,3,1,0.5,4,23,No
E1762,Engineering,44,1.6,79200.0,1.0,No,5,1,1.7,4,16,No
E1763,Marketing,37,0.7,46700.0,6.8,No,1,4,4.4,5,22,No
E1764,Sales,25,4.3,53000.0,1.0,Yes,4,5,7.5,4,22,No
E1765,Customer Support,40,2.3,31700.0,36.9,No,3,3,2.5,2,14,No
E1766,Marketing,41,0.5,52100.0,2.8,Yes,3,4,1.1,4,11,No
E1767,Operations,51,1.4,45000.0,18.7,No,3,1,2.3,5,10,No
E1768,Engineering,56,1.6,78100.0,17.9,No,1,3,0.9,4,19,No
E1769,Operations,31,4.2,57200.0,2.9,Yes,1,2,6.0,4,17,No
E1770,Sales,35,0.1,70200.0,11.6,Yes,1,2,5.1,4,14,No
E1771,Operations,39,0.9,42700.0,1.0,Yes,1,4,2.0,5,13,Yes
E1772,Sales,27,2.2,23500.0,7.9,No,5,3,1.0,2,26,No
E1773,Engineering,48,0.9,82600.0,1.0,No,2,5,0.9,4,18,No
E1774,Operations,25,3.0,55400.0,30.5,Yes,5,3,0.1,3,15,No
E1775,Sales,25,2.0,47800.0,44.8,No,3,4,4.2,4,13,No
E1776,Engineering,50,1.3,79100.0,3.0,Yes,5,5,1.5,4,14,No
E1777,Marketing,52,8.9,31600.0,2.8,No,4,5,1.0,3,15,No
E1778,Marketing,28,3.0,67000.0,16.8,No,1,2,1.6,3,27,No
E1779,Customer Support,30,0.4,42500.0,3.5,No,4,3,4.3,4,14,No
E1780,Marketing,58,2.5,40500.0,27.1,No,4,5,0.3,2,25,No
E1781,Customer Support,52,4.6,38800.0,10.2,No,3,4,4.9,3,17,No
E1782,Engineering,48,3.7,64400.0,5.2,No,1,2,5.7,4,19,Yes
E1783,Engineering,37,0.6,68500.0,21.5,No,4,5,7.3,3,14,No
E1784,Sales,51,10.8,58500.0,8.2,No,3,3,1.3,3,18,No
E1785,Operations,28,1.8,43700.0,29.1,Yes,1,2,0.6,5,16,Yes
E1786,Customer Support,45,0.5,49300.0,31.6,Yes,2,3,1.2,3,14,No
E1787,Engineering,29,0.6,68900.0,2.2,No,3,3,1.0,3,19,No
E1788,Engineering,22,0.3,56600.0,1.0,No,5,3,0.5,4,16,No
E1789,HR,35,4.9,39600.0,49.6,No,1,2,2.3,4,18,Yes
E1790,Sales,23,0.4,67300.0,28.4,No,4,5,1.6,5,12,No
E1791,Customer Support,56,0.4,53500.0,1.0,No,4,1,5.0,5,18,No
E1792,Customer Support,24,5.7,47500.0,21.5,No,5,5,0.1,4,23,No
E1793,Customer Support,34,1.3,58600.0,7.3,No,5,2,2.6,3,17,No
E1794,Sales,45,0.1,26900.0,3.6,No,4,1,3.6,1,18,Yes
E1795,Operations,30,0.2,41800.0,25.3,No,1,1,3.6,3,13,No
E1796,HR,41,0.5,34700.0,2.6,Yes,3,1,5.4,3,13,No
E1797,Customer Support,56,0.7,75500.0,35.3,No,5,4,3.3,4,20,No
E1798,Marketing,32,3.3,62400.0,2.8,No,5,2,6.6,4,21,No
E1799,HR,47,0.5,49500.0,11.4,No,5,4,1.0,2,19,No
E1800,Marketing,22,0.4,63500.0,3.0,Yes,2,1,1.7,4,18,No
E1801,Sales,33,4.3,75300.0,9.5,Yes,1,4,0.0,3,20,No
E1802,Customer Support,52,3.3,60900.0,13.8,No,1,4,0.0,3,20,No
E1803,Customer Support,51,1.7,58500.0,2.5,No,1,2,0.7,4,21,No
E1804,Engineering,36,2.4,63900.0,8.8,No,1,3,0.3,3,18,No
E1805,Marketing,52,1.1,45100.0,7.6,No,1,4,0.8,3,17,No
E1806,HR,52,2.0,37400.0,1.0,No,4,4,0.5,2,16,No
E1807,HR,54,2.1,57500.0,20.5,No,5,1,0.1,3,14,No
E1808,Engineering,31,1.5,65800.0,4.9,Yes,4,1,6.0,4,22,No
E1809,Sales,30,7.1,51100.0,10.3,No,2,1,0.0,5,19,No
E1810,HR,35,0.1,44100.0,8.7,No,3,5,3.3,3,18,No
E1811,Operations,37,4.6,69100.0,8.6,Yes,5,4,0.4,3,17,No
E1812,Sales,38,0.4,72800.0,1.4,No,2,1,6.1,4,13,No
E1813,HR,29,4.8,75900.0,6.6,No,4,2,5.6,5,11,No
E1814,Operations,45,2.9,56600.0,7.2,No,3,5,2.7,3,16,No
E1815,Customer Support,34,5.6,47500.0,15.9,No,2,3,2.8,3,17,No
E1816,Customer Support,45,0.3,46400.0,22.0,No,3,4,0.0,4,23,No
E1817,Engineering,42,2.5,49600.0,9.4,Yes,2,4,10.5,4,22,Yes
E1818,Sales,50,2.1,37900.0,1.1,No,4,2,5.3,2,15,No
E1819,Engineering,40,3.7,78200.0,3.2,No,3,3,5.6,4,18,No
E1820,Operations,41,2.3,36900.0,2.2,No,2,3,2.7,3,22,No
E1821,Sales,52,2.3,61100.0,1.6,No,4,5,1.1,3,20,No
E1822,Engineering,41,1.7,89600.0,5.5,Yes,5,4,5.6,3,27,No
E1823,Engineering,55,1.1,56200.0,3.1,Yes,4,1,0.9,4,14,No
E1824,Customer Support,52,2.0,72400.0,3.0,No,4,2,2.1,3,27,No
E1825,Operations,50,0.4,36100.0,1.0,Yes,5,2,0.3,3,21,No
E1826,Engineering,59,9.8,87400.0,1.0,No,4,2,6.4,3,18,No
E1827,Engineering,32,3.8,76800.0,1.3,No,5,2,0.4,4,19,Yes
E1828,Marketing,38,9.1,69300.0,2.3,No,5,1,0.6,3,17,No
E1829,Engineering,41,0.8,47900.0,6.8,Yes,5,1,2.0,3,22,No
E1830,Engineering,33,6.3,112000.0,8.6,No,2,5,3.6,3,14,No
E1831,Engineering,41,5.0,65400.0,1.8,No,3,4,2.4,4,19,No
E1832,Sales,28,3.4,68400.0,6.6,Yes,2,1,0.7,3,15,No
E1833,Sales,27,2.9,80500.0,5.0,Yes,5,5,0.0,3,17,No
E1834,Customer Support,43,1.1,39000.0,2.4,Yes,3,3,3.5,3,14,No
E1835,Engineering,52,5.1,84200.0,1.0,No,3,4,10.5,4,14,No
E1836,Operations,31,2.1,39100.0,7.6,Yes,5,1,4.2,4,16,No
E1837,Engineering,42,0.2,95000.0,13.9,No,3,3,1.5,4,21,No
E1838,Customer Support,42,1.1,37100.0,3.1,No,3,5,5.9,4,15,No
E1839,Customer Support,45,8.2,47300.0,1.7,No,2,1,1.3,5,20,No
E1840,Sales,42,5.7,62600.0,26.2,Yes,3,1,1.9,3,11,Yes
E1841,Marketing,48,12.0,63500.0,3.9,No,5,3,1.6,5,21,No
E1842,Sales,49,3.0,88700.0,3.0,Yes,1,1,1.5,1,11,No
E1843,HR,33,0.9,44300.0,23.3,No,1,2,3.7,3,15,No
E1844,Sales,38,0.5,75700.0,20.4,No,1,1,1.9,4,14,No
E1845,Engineering,22,0.6,105800.0,7.1,No,5,4,1.0,3,16,No
E1846,Sales,49,0.1,60400.0,8.1,No,1,3,0.7,3,13,No
E1847,HR,41,1.5,43000.0,2.9,Yes,2,4,0.1,3,22,No
E1848,Customer Support,35,0.6,24600.0,1.0,No,5,5,2.2,4,11,No
E1849,Customer Support,47,1.6,70700.0,10.2,No,5,4,0.7,3,21,No
E1850,Sales,51,8.2,53900.0,1.2,Yes,5,2,0.4,4,19,No
E1851,Marketing,35,1.7,38000.0,7.2,No,3,2,2.7,4,17,No
E1852,Sales,43,6.3,36300.0,33.9,No,3,4,2.9,4,22,No
E1853,Operations,44,2.8,36000.0,36.6,No,3,5,3.5,3,16,No
E1854,Sales,33,0.9,72200.0,3.3,No,4,1,1.8,5,15,No
E1855,Sales,42,1.3,74400.0,11.7,No,2,2,5.6,3,21,Yes
E1856,Sales,57,0.3,68000.0,7.7,No,5,4,6.9,3,21,No
E1857,Customer Support,53,1.2,48400.0,25.0,No,5,4,4.1,2,15,Yes
E1858,Customer Support,23,3.4,30900.0,3.8,No,3,4,2.5,4,20,No
E1859,Sales,39,0.2,46300.0,1.0,Yes,5,1,0.9,2,29,Yes
E1860,Operations,43,0.7,34600.0,2.1,Yes,5,3,10.2,3,24,No
E1861,Engineering,49,1.4,79500.0,5.2,No,1,5,0.8,3,22,No
E1862,Customer Support,50,12.1,33200.0,4.6,No,5,3,0.6,3,17,No
E1863,Engineering,59,4.6,55400.0,18.8,No,4,5,1.5,4,15,Yes
E1864,Engineering,45,4.0,65200.0,13.7,Yes,3,5,0.1,4,22,No
E1865,Customer Support,57,0.4,25500.0,4.3,Yes,2,4,9.6,4,15,No
E1866,Sales,28,4.6,58500.0,7.3,No,2,2,2.2,3,19,No
E1867,Sales,36,4.6,56100.0,1.2,No,1,4,2.0,3,15,Yes
E1868,Operations,28,2.8,65500.0,27.4,Yes,2,1,2.7,5,20,No
E1869,HR,21,13.9,39300.0,32.9,No,2,5,1.7,1,13,No
E1870,Engineering,25,1.2,44400.0,46.8,No,3,2,0.1,4,19,No
E1871,Engineering,23,8.5,61800.0,24.3,No,3,5,2.4,3,18,No
E1872,Customer Support,21,7.4,32700.0,2.3,No,4,5,3.1,5,17,No
E1873,Engineering,24,0.1,69500.0,1.0,No,1,4,1.3,3,17,No
E1874,Sales,55,1.8,28500.0,10.4,No,2,2,3.5,3,17,No
E1875,Sales,52,11.3,48200.0,29.2,No,4,2,0.6,4,12,No
E1876,Marketing,54,0.3,39000.0,2.3,Yes,1,5,0.6,4,15,No
E1877,Marketing,45,2.4,60300.0,1.0,No,2,2,0.4,3,17,No
E1878,Sales,30,11.6,44900.0,19.6,No,2,2,1.2,4,21,No
E1879,Engineering,41,2.4,36200.0,1.0,No,3,4,4.7,4,18,No
E1880,Engineering,59,0.6,65000.0,6.4,No,5,3,4.4,2,13,No
E1881,Marketing,47,2.6,56800.0,13.6,No,1,1,1.2,1,15,No
E1882,Sales,47,0.7,53400.0,3.2,No,2,3,2.2,3,18,No
E1883,Sales,22,2.2,48100.0,1.1,Yes,1,2,3.2,3,15,No
E1884,Operations,33,0.2,40400.0,17.6,No,4,5,0.7,4,21,No
E1885,Sales,29,2.8,59500.0,11.9,No,4,1,0.5,3,22,No
E1886,Marketing,56,2.2,39600.0,53.6,No,5,1,8.9,3,19,Yes
E1887,Engineering,42,4.0,62600.0,5.1,No,2,5,2.4,3,22,No
E1888,Sales,46,3.0,69600.0,1.0,No,3,1,10.0,3,17,No
E1889,Engineering,32,2.4,44400.0,15.9,Yes,2,5,1.0,2,18,No
E1890,Marketing,37,3.5,51600.0,8.9,No,1,1,3.0,1,18,No
E1891,Operations,34,0.5,25400.0,2.9,No,4,3,0.6,2,20,No
E1892,Operations,34,2.7,52600.0,18.3,No,1,1,0.8,5,15,No
E1893,Engineering,54,0.6,50400.0,2.7,No,5,4,1.8,3,20,No
E1894,Marketing,40,7.8,66800.0,3.6,No,4,5,1.0,4,14,No
E1895,Sales,31,0.2,34400.0,1.2,No,3,1,0.5,2,19,No
E1896,Engineering,36,1.7,77000.0,6.1,No,4,5,0.8,2,19,No
E1897,Operations,51,3.6,66000.0,6.5,Yes,2,4,0.1,3,29,No
E1898,Sales,26,1.8,41500.0,8.7,No,2,1,3.0,3,15,No
E1899,Sales,39,0.3,44200.0,14.8,Yes,4,1,1.7,5,19,No
E1900,Sales,57,2.4,42800.0,28.4,Yes,5,4,0.2,5,18,No
E1901,Sales,24,3.1,50100.0,1.8,Yes,2,4,0.5,4,25,Yes
E1902,Sales,24,3.7,65900.0,1.0,No,2,4,0.3,4,23,No
E1903,Customer Support,40,1.4,39500.0,1.0,No,3,5,2.4,3,23,Yes
E1904,Engineering,30,2.5,47800.0,1.9,Yes,4,4,0.2,3,19,No
E1905,Operations,44,1.8,22200.0,12.9,Yes,2,5,3.5,5,18,No
E1906,Operations,55,3.3,71100.0,15.6,No,5,3,0.1,4,22,No
E1907,Engineering,46,2.6,100200.0,18.5,Yes,1,1,0.7,4,26,Yes
E1908,Engineering,57,2.2,79200.0,3.4,No,4,1,5.5,3,13,Yes
E1909,Engineering,58,0.9,53500.0,4.4,Yes,3,2,3.2,2,14,No
E1910,Customer Support,41,0.1,56300.0,7.9,No,2,3,0.2,5,19,No
E1911,Engineering,59,0.6,86500.0,1.0,Yes,5,4,4.3,3,7,No
E1912,Customer Support,41,0.4,43500.0,11.3,No,4,4,1.7,3,23,No
E1913,Engineering,30,1.8,69500.0,49.4,No,5,3,4.7,2,16,No
E1914,Customer Support,58,2.8,62500.0,5.4,No,5,4,2.3,4,19,No
E1915,Engineering,24,0.7,38000.0,16.8,Yes,3,2,2.9,1,20,No
E1916,Engineering,40,8.4,87500.0,8.3,No,4,5,12.6,4,17,No
E1917,HR,37,0.1,46400.0,1.6,No,2,1,0.7,3,13,No
E1918,Marketing,27,4.4,36400.0,10.5,Yes,3,3,2.4,4,11,No
E1919,Sales,24,2.9,41500.0,4.3,Yes,2,1,1.5,4,11,Yes
E1920,Operations,49,1.4,37800.0,1.0,No,1,5,0.1,3,18,Yes
E1921,Customer Support,34,0.2,31300.0,12.1,Yes,5,3,0.0,4,11,Yes
E1922,Operations,23,3.0,73400.0,23.5,No,1,5,0.3,3,20,No
E1923,Operations,44,1.5,56200.0,5.1,No,5,4,2.6,3,15,No
E1924,Engineering,57,8.3,88800.0,5.9,No,3,4,2.1,4,26,No
E1925,Sales,36,2.3,66600.0,26.6,No,2,4,2.0,3,21,No
E1926,Engineering,24,8.4,69900.0,20.2,No,2,5,0.1,3,14,No
E1927,Customer Support,44,0.7,47700.0,15.1,Yes,3,5,1.6,3,22,No
E1928,Customer Support,54,3.9,41600.0,3.4,No,4,5,6.5,3,19,No
E1929,Engineering,50,2.9,62900.0,28.9,Yes,1,1,1.3,4,12,No
E1930,Sales,38,4.0,35600.0,2.0,No,1,5,2.5,3,15,No
E1931,Operations,39,0.7,64100.0,11.8,No,2,4,3.8,5,29,No
E1932,HR,51,3.3,25600.0,1.0,Yes,2,2,3.8,5,12,Yes
E1933,Customer Support,39,2.1,33200.0,12.4,No,2,5,1.8,3,10,No
E1934,Sales,39,4.1,89500.0,3.9,Yes,3,2,4.9,3,14,No
E1935,Engineering,42,1.2,71200.0,7.2,No,4,4,1.2,4,23,No
E1936,Sales,44,6.6,60600.0,5.1,No,1,5,5.5,3,25,No
E1937,Operations,32,0.3,58100.0,2.3,No,5,1,0.7,1,17,No
E1938,Sales,50,4.9,33500.0,11.7,Yes,3,1,0.8,3,10,No
E1939,Customer Support,58,5.9,29000.0,25.6,No,1,2,0.1,4,20,No
E1940,Engineering,51,5.1,60400.0,38.4,No,4,1,4.0,4,16,No
E1941,Customer Support,56,2.2,35200.0,2.6,Yes,3,1,1.3,3,15,No
E1942,Marketing,39,1.7,51200.0,15.2,No,1,1,0.7,2,15,No
E1943,Operations,56,16.8,56100.0,13.1,Yes,3,4,0.7,5,27,No
E1944,Sales,50,0.8,79600.0,5.0,No,1,1,5.8,4,30,No
E1945,Sales,53,2.4,70600.0,1.0,No,1,3,4.5,4,22,No
E1946,Sales,38,3.3,42100.0,14.0,No,4,5,2.0,4,16,No
E1947,Operations,48,3.6,44500.0,34.9,No,5,1,2.4,3,19,No
E1948,Operations,31,0.7,40800.0,12.0,No,4,1,1.6,4,20,No
E1949,Customer Support,53,3.2,33800.0,6.9,No,1,1,1.2,3,10,No
E1950,Customer Support,37,5.1,30900.0,8.9,Yes,3,3,6.2,3,17,No
E1951,Marketing,26,0.2,76000.0,2.7,Yes,4,1,0.3,4,24,No
E1952,Sales,24,7.3,58000.0,16.7,No,5,1,1.4,3,19,No
E1953,Operations,40,0.1,46400.0,16.5,No,1,5,1.1,5,15,No
E1954,Engineering,47,1.3,77900.0,1.9,No,4,3,1.7,3,18,No
E1955,Engineering,35,0.1,78800.0,25.2,No,4,3,1.5,5,20,No
E1956,Customer Support,26,0.2,61000.0,3.8,No,4,1,1.8,5,14,No
E1957,Sales,34,7.3,46000.0,48.4,Yes,4,3,0.4,3,11,No
E1958,Sales,31,1.3,64000.0,5.8,No,3,2,1.8,4,25,No
E1959,Marketing,59,1.7,39200.0,2.4,No,5,3,0.7,3,20,No
E1960,Sales,29,0.7,54700.0,5.2,Yes,5,3,0.5,5,20,No
E1961,Customer Support,46,2.7,47500.0,7.0,Yes,1,3,0.2,3,18,No
E1962,Engineering,36,2.7,71600.0,1.0,No,2,4,3.6,4,18,No
E1963,Engineering,25,1.4,70900.0,10.4,Yes,3,4,1.4,3,29,No
E1964,Engineering,30,1.2,83800.0,10.9,No,1,4,2.5,3,22,No
E1965,Engineering,23,6.5,57500.0,16.1,Yes,1,3,3.3,3,19,No
E1966,Marketing,33,1.5,54800.0,1.0,No,4,2,2.8,3,16,No
E1967,Engineering,50,2.0,54500.0,9.4,No,2,3,1.6,4,13,No
E1968,Customer Support,26,1.0,84000.0,1.0,No,2,1,1.2,4,19,No
E1969,Customer Support,37,4.6,35100.0,14.5,Yes,3,2,1.2,4,16,No
E1970,Marketing,39,1.5,42300.0,1.0,Yes,2,4,2.6,3,14,No
E1971,HR,55,2.2,62700.0,29.1,No,1,5,1.7,3,31,No
E1972,Marketing,46,0.9,46200.0,14.5,No,2,2,4.7,2,14,No
E1973,Sales,25,13.2,71600.0,8.5,Yes,2,4,5.2,4,21,No
E1974,Sales,49,1.0,60200.0,7.0,Yes,5,2,0.5,5,28,No
E1975,Engineering,57,4.4,61200.0,1.7,No,1,2,0.4,3,20,No
E1976,Customer Support,40,1.7,37100.0,4.1,No,2,3,2.5,1,21,Yes
E1977,Sales,41,0.7,45400.0,24.4,Yes,2,1,0.9,3,15,Yes
E1978,Customer Support,30,4.8,41700.0,28.2,Yes,4,5,0.0,4,22,Yes
E1979,Customer Support,25,1.2,44500.0,1.0,No,2,4,5.5,4,19,No
E1980,Engineering,56,6.0,53100.0,10.8,No,2,2,0.6,4,22,No
E1981,Operations,26,7.4,48100.0,15.2,No,5,5,6.6,3,23,No
E1982,Sales,46,5.9,40500.0,11.6,No,1,2,3.2,4,14,No
E1983,Sales,24,0.1,69600.0,1.0,Yes,3,1,3.6,4,15,No
E1984,Marketing,59,4.6,65700.0,2.9,Yes,1,5,0.6,3,16,No
E1985,Customer Support,59,1.6,37700.0,3.5,No,4,4,0.7,3,20,No
E1986,Marketing,55,6.2,41400.0,21.4,No,1,2,1.8,3,20,No
E1987,Engineering,21,3.0,72100.0,7.5,No,2,1,0.5,3,20,No
E1988,Engineering,44,5.4,92500.0,8.0,Yes,4,5,0.9,4,20,No
E1989,Operations,56,2.1,69600.0,32.8,No,1,2,1.0,3,20,No
E1990,Operations,26,2.3,30600.0,12.2,No,4,2,0.4,4,17,No
E1991,Marketing,51,0.5,66600.0,27.5,No,3,4,0.6,4,21,No
E1992,Engineering,40,4.6,67600.0,7.3,No,1,1,3.9,3,16,Yes
E1993,Customer Support,44,1.6,46200.0,1.9,Yes,2,3,0.5,4,20,Yes
E1994,Engineering,45,2.1,78200.0,31.9,Yes,4,2,0.1,3,16,Yes
E1995,Sales,56,4.6,50200.0,7.4,No,5,5,2.5,3,18,No
E1996,Operations,41,2.7,64400.0,2.4,No,4,4,9.3,2,18,No
E1997,Sales,50,0.7,80200.0,4.3,No,5,4,1.0,3,20,No
E1998,HR,44,2.7,70700.0,1.0,No,2,2,0.3,2,13,Yes
E1999,Engineering,50,1.6,34100.0,7.6,No,3,2,2.1,2,17,No
E2000,Sales,42,1.9,54200.0,23.0,Yes,5,2,5.9,3,21,Yes
E2001,Customer Support,48,0.1,22100.0,32.5,Yes,3,3,3.8,3,24,No
E2002,Operations,27,0.7,39200.0,32.4,No,4,2,2.4,5,23,No
E2003,Marketing,55,1.0,18000.0,1.6,Yes,2,1,0.9,3,12,No
E2004,Operations,48,3.7,55600.0,5.8,No,5,5,2.0,4,21,No
E2005,Marketing,34,0.1,55400.0,1.0,Yes,4,2,0.2,3,18,No
E2006,Marketing,30,1.6,46100.0,23.2,No,1,3,2.8,4,15,No
E2007,Operations,36,7.7,38800.0,5.3,Yes,4,5,3.2,3,13,No
E2008,Engineering,36,0.4,74600.0,12.0,No,3,4,8.4,5,22,Yes
E2009,Customer Support,51,2.2,33800.0,15.1,Yes,2,2,0.8,3,20,No
E2010,Engineering,45,4.6,48500.0,6.7,No,2,5,0.0,4,16,No
E2011,HR,33,8.6,34000.0,4.4,No,4,4,2.0,3,10,No
E2012,HR,26,4.1,47700.0,39.3,No,1,3,3.1,2,11,No
E2013,Sales,29,3.8,48600.0,40.1,No,3,1,3.9,4,24,No
E2014,Marketing,56,5.3,46700.0,4.1,Yes,4,2,0.5,1,19,No
E2015,HR,40,1.8,57800.0,7.8,No,4,1,0.8,3,15,Yes
E2016,Sales,38,4.9,72900.0,43.3,Yes,2,3,1.8,3,17,No
E2017,Customer Support,41,0.1,65300.0,1.0,No,3,5,1.0,4,18,No
E2018,Operations,24,7.8,50300.0,6.4,Yes,1,5,4.9,5,11,No
E2019,Sales,53,1.8,63200.0,1.3,No,2,3,1.6,3,13,No
E2020,Marketing,47,2.4,54900.0,8.5,No,4,3,4.0,4,21,No
E2021,Engineering,27,0.9,37400.0,1.0,No,2,2,2.2,3,18,No
E2022,HR,26,4.1,45500.0,6.3,No,2,4,3.7,3,22,No
E2023,HR,35,0.2,45500.0,3.0,No,5,1,1.0,5,17,No
E2024,HR,38,6.2,43500.0,9.1,Yes,2,1,4.5,4,26,Yes
E2025,Customer Support,52,5.3,46200.0,60.0,No,2,5,0.8,4,15,No
E2026,Operations,31,0.7,46500.0,19.3,Yes,3,5,2.0,3,17,No
E2027,Operations,40,5.0,36200.0,22.4,No,2,2,0.6,3,11,No
E2028,Engineering,44,4.6,65900.0,12.1,No,1,3,1.6,3,15,No
E2029,Operations,35,3.0,40900.0,1.0,No,4,1,1.0,3,17,No
E2030,Sales,27,1.4,18900.0,2.8,No,3,2,0.8,3,18,No
E2031,Customer Support,41,1.0,28900.0,31.1,No,2,5,8.5,4,18,No
E2032,Engineering,46,0.8,70400.0,5.5,No,1,5,0.4,4,26,No
E2033,Sales,34,1.2,75000.0,1.3,Yes,4,1,3.9,3,18,Yes
E2034,Sales,57,7.0,19500.0,14.5,No,3,5,10.4,1,23,No
E2035,Marketing,41,0.2,39800.0,4.3,No,1,5,0.1,4,21,No
E2036,Engineering,38,5.3,76900.0,3.8,No,2,4,3.0,3,18,No
E2037,Marketing,25,1.3,64800.0,60.0,No,5,3,0.7,4,13,No
E2038,Sales,23,2.2,51100.0,23.4,Yes,5,5,0.1,1,17,No
E2039,Engineering,43,4.7,56000.0,6.3,Yes,3,4,1.3,3,18,No
E2040,Customer Support,46,6.5,62300.0,47.1,No,1,2,6.8,5,21,No
E2041,Operations,57,1.3,60200.0,12.6,Yes,4,5,0.0,2,27,No
E2042,Engineering,44,1.9,84900.0,16.3,Yes,1,2,2.2,3,24,No
E2043,Customer Support,39,1.6,40800.0,1.0,No,5,5,1.7,3,18,No
E2044,Operations,45,0.1,64500.0,1.6,No,3,1,5.2,5,13,No
E2045,Customer Support,41,1.1,21900.0,12.0,No,2,4,0.2,4,14,No
E2046,Engineering,32,1.8,90000.0,27.5,Yes,1,4,2.9,3,14,No
E2047,Sales,53,1.6,56700.0,11.7,No,5,1,2.8,2,22,No
E2048,Operations,24,3.8,51200.0,1.7,Yes,4,3,2.8,4,24,No
E2049,Sales,27,1.5,42800.0,1.5,No,3,4,7.1,3,20,No
E2050,Operations,42,2.0,25000.0,22.3,Yes,2,2,4.3,4,17,Yes
E2051,Customer Support,53,1.7,48100.0,1.8,No,1,4,0.1,2,22,No
E2052,HR,37,4.0,58200.0,8.8,No,4,3,1.6,3,22,No
E2053,Operations,44,6.0,59000.0,1.0,No,2,2,1.3,4,14,No
E2054,HR,54,2.3,58800.0,1.0,No,5,2,0.9,3,22,No
E2055,Engineering,48,4.7,75600.0,13.4,No,5,1,1.5,4,18,No
E2056,Marketing,59,1.1,39000.0,14.0,Yes,4,5,1.2,2,13,No
E2057,Engineering,42,2.3,83100.0,5.0,No,5,1,1.4,3,11,No
E2058,Customer Support,37,1.3,33600.0,2.9,Yes,3,5,9.7,5,18,No
E2059,Customer Support,54,1.6,60900.0,20.2,No,4,1,0.2,3,13,No
E2060,Operations,26,4.0,48300.0,2.9,No,5,5,6.4,4,14,Yes
E2061,HR,26,6.4,49900.0,9.4,No,1,4,1.6,3,14,No
E2062,Marketing,54,0.4,64600.0,41.4,No,5,2,2.4,4,20,No
E2063,Engineering,21,3.0,87500.0,1.9,No,3,5,4.4,4,22,No
E2064,Engineering,30,2.6,83200.0,33.9,Yes,2,4,1.1,3,12,No
E2065,Marketing,41,0.4,40600.0,2.4,No,2,3,1.4,4,24,No
E2066,Engineering,25,0.7,83000.0,10.1,No,5,1,1.3,4,13,No
E2067,Sales,22,1.1,44900.0,5.7,No,2,3,1.2,3,20,No
E2068,Engineering,42,0.5,83500.0,40.2,No,5,4,6.5,4,17,No
E2069,Engineering,22,0.8,42000.0,3.8,No,3,3,4.4,4,15,No
E2070,Engineering,30,0.9,67000.0,6.1,No,2,3,0.3,3,12,No
E2071,Engineering,54,1.2,53400.0,48.8,Yes,1,4,0.3,3,12,No
E2072,Sales,36,4.2,71400.0,9.2,Yes,5,2,1.4,3,16,No
E2073,Sales,59,2.5,75300.0,8.4,No,2,5,0.3,3,16,No
E2074,HR,42,12.9,53400.0,3.6,No,3,1,2.4,4,13,No
E2075,Engineering,32,1.6,71900.0,14.5,No,3,5,0.4,3,13,No
E2076,Engineering,44,4.2,82000.0,1.0,Yes,1,1,1.8,5,12,No
E2077,Marketing,58,6.2,68200.0,1.0,Yes,3,5,0.0,3,15,No
E2078,Sales,30,3.4,58400.0,11.0,Yes,3,3,1.0,3,11,Yes
E2079,HR,55,1.6,43700.0,5.0,No,2,2,2.8,4,20,No
E2080,Operations,52,4.2,58200.0,36.8,Yes,5,3,1.7,3,10,No
E2081,Sales,27,0.7,28500.0,28.0,No,4,2,9.6,3,21,No
E2082,Engineering,41,1.2,85800.0,15.0,No,3,4,5.2,2,25,No
E2083,Operations,40,2.4,39900.0,20.5,No,3,1,1.1,3,23,No
E2084,HR,46,2.6,47300.0,13.2,No,4,1,0.1,3,15,No
E2085,Engineering,24,0.1,85900.0,1.6,Yes,3,4,4.7,5,26,No
E2086,Customer Support,42,8.7,41500.0,17.4,Yes,2,5,6.1,3,15,No
E2087,Sales,35,3.6,67900.0,2.8,No,2,4,4.3,4,22,No
E2088,HR,41,2.1,66300.0,4.7,Yes,4,4,0.3,4,16,No
E2089,Engineering,35,8.1,70900.0,20.5,No,3,2,15.0,3,11,No
E2090,HR,42,1.7,54900.0,9.2,No,3,4,0.7,3,18,No
E2091,Customer Support,48,11.8,45200.0,23.6,No,5,1,3.2,4,26,No
E2092,Customer Support,34,2.2,48200.0,2.9,Yes,3,3,6.0,4,22,No
E2093,Customer Support,47,0.4,32600.0,11.2,No,2,2,0.7,3,10,No
E2094,Engineering,48,4.3,63200.0,1.1,Yes,1,2,6.0,3,18,No
E2095,Sales,46,3.4,37500.0,12.4,No,1,5,0.9,3,22,No
E2096,Engineering,22,4.4,51900.0,17.3,No,1,3,9.4,2,19,No
E2097,Sales,45,9.1,26200.0,10.6,No,1,2,0.8,4,19,No
E2098,Operations,23,4.5,53100.0,3.7,No,3,4,7.7,4,19,No
E2099,Engineering,28,2.8,100500.0,1.0,No,3,2,0.1,3,21,No
E2100,Sales,53,5.8,50600.0,1.5,No,5,2,3.1,4,30,No
E2101,HR,55,3.4,63900.0,11.7,No,3,2,1.9,4,27,No
E2102,Operations,26,1.6,64700.0,32.7,Yes,1,5,1.6,3,20,No
E2103,HR,59,6.5,34000.0,2.8,No,4,2,0.6,3,16,No
E2104,HR,43,0.8,37000.0,15.9,No,4,2,3.1,4,21,No
E2105,Sales,45,3.8,73400.0,24.2,Yes,2,5,0.5,4,19,No
E2106,Engineering,39,6.4,67000.0,8.8,Yes,2,3,2.0,4,25,Yes
E2107,Marketing,25,3.9,33800.0,13.3,Yes,3,1,0.7,1,21,Yes
E2108,Marketing,31,3.6,43100.0,20.2,Yes,4,5,7.8,3,20,No
E2109,Sales,32,4.2,64400.0,3.6,No,1,5,0.1,2,16,Yes
E2110,Operations,30,1.9,38800.0,4.2,No,1,2,0.6,4,13,Yes
E2111,Engineering,28,6.2,22500.0,1.0,No,1,2,0.7,4,16,No
E2112,Engineering,44,0.7,62800.0,39.6,No,3,1,1.3,2,24,Yes
E2113,Customer Support,48,0.4,43700.0,29.9,No,3,2,0.7,4,24,No
E2114,Customer Support,56,1.0,46800.0,17.4,Yes,5,4,1.7,4,16,No
E2115,Customer Support,57,2.3,62800.0,1.0,No,1,2,5.1,4,14,No
E2116,Sales,41,2.1,58600.0,7.1,No,1,2,3.1,5,21,No
E2117,Operations,28,5.2,52700.0,1.3,No,3,4,2.2,2,14,No
E2118,Engineering,29,1.6,88500.0,1.0,No,3,1,0.2,5,19,No
E2119,Sales,35,2.0,58000.0,11.5,No,5,4,3.0,2,17,No
E2120,Operations,38,0.1,78300.0,38.9,Yes,5,5,0.5,3,15,No
E2121,HR,40,1.6,33100.0,28.0,No,2,4,3.9,4,11,No
E2122,Operations,26,3.1,36900.0,14.3,Yes,4,3,0.7,5,10,No
E2123,Operations,32,0.1,57800.0,1.2,No,1,5,1.3,3,14,No
E2124,Marketing,22,1.0,70100.0,3.8,No,1,2,1.1,4,14,No
E2125,Customer Support,27,0.7,44200.0,4.6,Yes,5,5,4.9,4,21,Yes
E2126,Sales,36,0.1,41800.0,17.3,No,5,1,0.3,4,22,No
E2127,Engineering,23,2.0,101800.0,19.4,Yes,2,1,2.1,2,16,Yes
E2128,Engineering,23,0.6,53900.0,5.8,No,4,4,0.4,4,9,No
E2129,Engineering,47,4.1,75100.0,6.5,No,2,5,3.1,3,24,No
E2130,Marketing,58,5.7,71000.0,1.0,No,4,2,5.9,3,26,No
E2131,Customer Support,53,2.4,41100.0,4.1,Yes,1,1,1.4,3,26,Yes
E2132,Sales,48,12.0,48000.0,7.2,No,2,2,1.7,3,12,No
E2133,Engineering,21,1.8,58400.0,1.5,No,5,3,6.6,5,17,No
E2134,Marketing,28,2.2,65100.0,7.2,No,2,1,1.8,3,18,No
E2135,Sales,57,13.6,74400.0,23.0,Yes,2,4,1.7,5,28,No
E2136,Operations,52,0.8,50000.0,10.4,No,1,3,2.2,3,24,No
E2137,Customer Support,57,8.6,70700.0,1.0,No,5,5,2.9,4,18,No
E2138,Customer Support,24,0.1,47200.0,2.6,Yes,5,2,0.3,4,17,Yes
E2139,Customer Support,50,1.8,63200.0,7.7,No,3,1,4.3,4,23,No
E2140,Operations,26,0.2,43600.0,5.4,No,3,3,1.4,4,9,Yes
E2141,Engineering,39,3.9,112500.0,5.3,No,3,3,0.2,4,22,No
E2142,Marketing,52,2.8,74700.0,9.0,No,1,1,3.9,4,19,No
E2143,Customer Support,29,3.7,45100.0,10.5,No,2,5,1.2,4,23,Yes
E2144,Engineering,32,1.4,95600.0,19.1,No,5,5,0.3,2,16,No
E2145,Operations,31,1.4,68200.0,5.0,Yes,5,4,2.5,4,13,No
E2146,Operations,36,0.1,70500.0,19.6,No,2,5,5.3,3,17,No
E2147,Marketing,21,1.3,17100.0,5.0,No,5,4,5.5,3,18,No
E2148,Operations,41,7.9,59200.0,1.0,No,2,3,7.9,4,19,No
E2149,Operations,50,1.4,56800.0,9.7,No,1,1,5.1,3,15,No
E2150,Marketing,33,5.3,59000.0,10.6,No,1,5,0.0,4,21,No
E2151,Operations,54,5.5,52500.0,32.7,No,1,4,1.2,3,15,No
E2152,Marketing,24,1.4,55800.0,15.5,No,2,3,4.3,1,18,No
E2153,Marketing,48,3.0,70500.0,30.0,No,2,5,1.1,3,20,No
E2154,Customer Support,58,0.3,53600.0,28.7,No,4,2,2.3,2,21,No
E2155,Marketing,51,0.3,55400.0,11.1,Yes,5,3,2.3,4,18,No
E2156,Sales,47,0.1,75700.0,9.0,Yes,5,5,1.1,3,17,No
E2157,Operations,25,2.6,55200.0,9.8,No,4,3,5.9,3,22,No
E2158,Operations,45,1.7,56400.0,46.0,No,4,1,1.7,2,18,No
E2159,Sales,23,2.4,87200.0,17.8,No,1,1,1.6,3,16,No
E2160,Operations,53,2.2,43600.0,1.3,Yes,4,1,15.0,4,13,Yes
E2161,Sales,24,1.3,33900.0,18.1,Yes,2,2,1.7,3,18,Yes
E2162,Engineering,45,3.4,70100.0,2.2,Yes,3,1,0.5,4,17,No
E2163,Marketing,40,4.3,55300.0,7.1,Yes,2,2,1.8,5,22,No
E2164,Sales,54,0.1,69100.0,2.8,Yes,4,1,4.2,4,19,No
E2165,Operations,46,0.7,50900.0,14.0,No,5,3,3.7,4,22,No
E2166,Operations,25,3.7,59700.0,25.2,No,2,5,3.9,2,18,No
E2167,Customer Support,55,1.5,78700.0,4.1,No,5,5,3.1,3,13,No
E2168,Sales,48,3.3,70400.0,1.0,No,2,1,0.7,4,11,No
E2169,Engineering,49,1.3,87100.0,4.3,No,5,5,5.0,4,22,No
E2170,Customer Support,29,1.5,45100.0,13.4,Yes,2,1,5.6,4,18,Yes
E2171,HR,58,0.5,31500.0,4.8,Yes,5,1,0.5,4,17,No
E2172,Customer Support,26,0.9,17400.0,3.9,No,3,4,0.3,3,20,No
E2173,Engineering,39,2.8,59000.0,2.4,No,1,4,9.3,2,18,No
E2174,Customer Support,31,1.7,15300.0,8.3,No,2,4,5.1,4,15,Yes
E2175,Customer Support,22,4.5,53300.0,3.9,No,3,2,5.6,4,22,No
E2176,Operations,29,5.7,44400.0,15.8,No,1,4,5.4,3,24,Yes
E2177,Sales,41,2.3,37100.0,1.0,No,2,1,2.0,4,16,No
E2178,Marketing,44,4.3,54200.0,13.1,No,3,3,2.6,3,17,No
E2179,Customer Support,54,1.1,37300.0,3.3,No,3,4,2.0,3,16,No
E2180,HR,42,1.6,56900.0,8.1,No,3,4,0.1,4,20,No
E2181,Engineering,23,3.7,82000.0,4.0,No,4,3,3.4,4,14,No
E2182,Customer Support,32,1.5,37800.0,15.4,Yes,5,1,1.8,3,19,No
E2183,HR,48,2.7,47300.0,34.9,No,1,2,2.6,3,15,Yes
E2184,Sales,50,0.6,61100.0,29.9,No,5,4,1.7,3,21,No
E2185,HR,46,2.7,31200.0,10.5,No,5,3,1.7,4,18,No
E2186,Marketing,41,5.9,55300.0,7.5,No,5,1,0.5,3,21,No
E2187,Sales,48,6.1,35200.0,20.5,No,3,5,0.8,4,22,No
E2188,Engineering,46,3.9,79400.0,13.8,No,5,2,0.4,5,24,No
E2189,Marketing,53,4.1,46100.0,2.4,No,4,3,0.5,4,23,No
E2190,Sales,41,2.4,35200.0,20.6,No,2,3,9.0,3,14,No
E2191,Customer Support,55,2.6,39400.0,6.7,Yes,3,3,0.4,4,16,No
E2192,Engineering,54,0.4,58600.0,2.5,No,1,4,0.8,3,18,No
E2193,Customer Support,38,1.8,60400.0,4.0,No,2,5,2.2,3,20,No
E2194,Sales,31,1.8,60500.0,3.7,Yes,2,2,2.4,2,16,No
E2195,Operations,43,9.5,36600.0,8.8,Yes,2,1,0.4,3,12,No
E2196,HR,42,1.7,73300.0,3.2,No,5,1,3.9,5,13,No
E2197,HR,37,2.4,59200.0,1.6,No,5,5,3.8,3,20,No
E2198,Marketing,25,2.3,47500.0,1.6,No,3,3,0.7,3,18,No
E2199,Sales,31,3.0,33300.0,10.5,Yes,5,3,0.9,5,12,No
